SKU Bling;Formato;Produto pai (código);Nome
21201;Kit;;2 Pares de Pastilha de Freio Disco Absolute Abs-01s Orgânica
23141;Simples/variação;;Abraçadeira do quadro c/bloc alumínio 31.8 MM
23302;Simples/variação;;Alavanca de cambio Shimano Xtr SL-M9100 i-Spec Ev 11/12v
23710;Simples/variação;;Alavanca Gatilho Fox De Canote Retratil Transfer Universal
22790;Simples/variação;;Alavanca Passador Absolute 12v Prime 1x12v Direito Mtb
21213;Simples/variação;;Alavanca Passador Absolute 12v Wild 2 1x12v Direito Mtb
23515;Simples/variação;;Alavanca Passador Câmbio Shimano Altus M315 Direito 8v
23514;Simples/variação;;Alavanca Passador Câmbio Shimano Altus M315 Esquerdo 3v
23509;Simples/variação;;Alavanca Trocador Shimano Cues U4010 9v Com Visor E Cabo
10170;Simples/variação;;Alavanca Trocador Yamada N08 21v Index Passador 3x7 Marcha
23140;Simples/variação;;Alinhador De Gancheira Toopre Bicicleta Mtb Speed 360 Graus
20659;Simples/variação;;Anti Odor Spray - Inhaca Zero 200 ml Fzero
21203;Simples/variação;;Apoio Suporte Roda Dianteira Rolo De Treino
22491;Simples/variação;;Apoio Suporte Roda Dianteira Rolo De Treino True
15359;Simples/variação;;Armação Óculos Shimano RX Clip II P/ Adaptar Lente Grau
23495;Simples/variação;;Aro 26 Vzan Vmaxx Dh 32F Disco Sem Ilhós Preto
23494;Simples/variação;;Aro 26 Vzan Vmaxx Dh 36F Disco Sem Ilhós Preto
22648;Simples/variação;;Aro 26 Vzan Vmaxx Dh 36F V-Brake Sem Ilhos Branco
22647;Simples/variação;;Aro 26 Vzan Vmaxx Dh 36F V-Brake Sem Ilhos Preto
23496;Simples/variação;;Aro 26 Vzan Vmaxx SL 36F Disco Sem Ilhós Preto
22646;Simples/variação;;Aro 29 Vzan Extreme Pro 32 Furos Tubeless Mtb Bike Disc Pto
22645;Simples/variação;;Aro 29 Vzan Extreme Pro 36 Furos Tubeless Mtb Bike Disc Pto
22615;Simples/variação;;Avanço Mesa Elleven 31.8 x 60mm -17º Alumínio Mtb Preto
22616;Simples/variação;;Avanço Mesa Elleven 31.8 x 80mm -17º Alumínio Mtb Preto
11064;Simples/variação;Avanço_-17;Avanço Mesa Sentec 31.8 x -17° RS1 Ultimate Mtb Tamanho: 90 mm
18921;Simples/variação;Avanço_-17;Avanço Mesa Sentec 31.8 x -17° RS1 Ultimate Mtb Tamanho:100mm
18922;Simples/variação;Avanço_-17;Avanço Mesa Sentec 31.8 x -17° RS1 Ultimate Mtb Tamanho:110mm
17182;Simples/variação;;Avanço Mesa Shimano Pro 31.8 x 10º PLT 3D Forged 90mm
15083;Simples/variação;ShimanoPRO-17°;Avanço Mesa Shimano Pro Lt 31.8mm X 17° (vários Tamanhos) Tamanho:80mm
23345;Simples/variação;MesaTanke_559;Avanço Mesa Tanke 559 Alumínio 31.8 x 35mm  0° Cor:Azul
23346;Simples/variação;MesaTanke_559;Avanço Mesa Tanke 559 Alumínio 31.8 x 35mm  0° Cor:Azul/Prata
23348;Simples/variação;MesaTanke_559;Avanço Mesa Tanke 559 Alumínio 31.8 x 35mm  0° Cor:Camaleão
23350;Simples/variação;MesaTanke_559;Avanço Mesa Tanke 559 Alumínio 31.8 x 35mm  0° Cor:Preto/Prata
23347;Simples/variação;MesaTanke_559;Avanço Mesa Tanke 559 Alumínio 31.8 x 35mm  0° Cor:Preto/Vermelho
23342;Simples/variação;MesaTanke_559;Avanço Mesa Tanke 559 Alumínio 31.8 x 35mm  0° Cor:Rosa/Dourado
23344;Simples/variação;MesaTanke_559;Avanço Mesa Tanke 559 Alumínio 31.8 x 35mm  0° Cor:Rosa/Prata
23351;Simples/variação;MesaTanke_559;Avanço Mesa Tanke 559 Alumínio 31.8 x 35mm  0° Cor:Roxo
23343;Simples/variação;MesaTanke_559;Avanço Mesa Tanke 559 Alumínio 31.8 x 35mm  0° Cor:Roxo/Azul
23349;Simples/variação;MesaTanke_559;Avanço Mesa Tanke 559 Alumínio 31.8 x 35mm  0° Cor:Vermelho
21791;Simples/variação;;Bagageiro Bike Com Regulagem Aro 26 À 29 Com Porta Pacote
20447;Simples/variação;;Banco Ergonômico Confortável Mtb Selim Vazado 142mm Promend
20446;Simples/variação;;Banco Ergonômico Confortável Mtb Selim Vazado 160mm Promend
22073;Simples/variação;;Banco Selim Bicicleta Promend Mtb Vazado 255x144mm
22068;Simples/variação;;Banco Selim Tsw Cross Comp Freestyle 230x150mm Preto
23162;Simples/variação;;Bateria Caloi E-vibe Rush TP6080 36V 4.9Ah USB - Original
21370;Simples/variação;Berm-RCPro-Fem;"Bermuda de Ciclismo Scott RC Pro Feminino Cor:Azul;Tamanho:G"
21371;Simples/variação;Berm-RCPro-Fem;"Bermuda de Ciclismo Scott RC Pro Feminino Cor:Azul;Tamanho:GG"
21372;Simples/variação;Berm-RCPro-Fem;"Bermuda de Ciclismo Scott RC Pro Feminino Cor:Azul;Tamanho:M"
21373;Simples/variação;Berm-RCPro-Fem;"Bermuda de Ciclismo Scott RC Pro Feminino Cor:Azul;Tamanho:P"
21374;Simples/variação;Berm-RCPro-Fem;"Bermuda de Ciclismo Scott RC Pro Feminino Cor:Azul;Tamanho:PP"
21375;Simples/variação;Berm-RCPro-Fem;"Bermuda de Ciclismo Scott RC Pro Feminino Cor:Preto / Roxo;Tamanho:G"
21376;Simples/variação;Berm-RCPro-Fem;"Bermuda de Ciclismo Scott RC Pro Feminino Cor:Preto / Roxo;Tamanho:GG"
21377;Simples/variação;Berm-RCPro-Fem;"Bermuda de Ciclismo Scott RC Pro Feminino Cor:Preto / Roxo;Tamanho:M"
21378;Simples/variação;Berm-RCPro-Fem;"Bermuda de Ciclismo Scott RC Pro Feminino Cor:Preto / Roxo;Tamanho:P"
21379;Simples/variação;Berm-RCPro-Fem;"Bermuda de Ciclismo Scott RC Pro Feminino Cor:Preto / Roxo;Tamanho:PP"
21380;Simples/variação;Berm-RcPro;"Bermuda de Ciclismo Scott RC Pro Masculino Cor:Azul Marinho;Tamanho:3G"
21381;Simples/variação;Berm-RcPro;"Bermuda de Ciclismo Scott RC Pro Masculino Cor:Azul Marinho;Tamanho:G"
21383;Simples/variação;Berm-RcPro;"Bermuda de Ciclismo Scott RC Pro Masculino Cor:Azul Marinho;Tamanho:GG"
21385;Simples/variação;Berm-RcPro;"Bermuda de Ciclismo Scott RC Pro Masculino Cor:Azul Marinho;Tamanho:P"
21386;Simples/variação;Berm-RcPro;"Bermuda de Ciclismo Scott RC Pro Masculino Cor:Preto / Amr Flúor;Tamanho:3G"
21389;Simples/variação;Berm-RcPro;"Bermuda de Ciclismo Scott RC Pro Masculino Cor:Preto / Amr Flúor;Tamanho:GG"
21390;Simples/variação;Berm-RcPro;"Bermuda de Ciclismo Scott RC Pro Masculino Cor:Preto / Amr Flúor;Tamanho:M"
21391;Simples/variação;Berm-RcPro;"Bermuda de Ciclismo Scott RC Pro Masculino Cor:Preto / Amr Flúor;Tamanho:P"
21392;Simples/variação;Berm-RcPro;"Bermuda de Ciclismo Scott RC Pro Masculino Cor:Preto / Branco;Tamanho:3G"
21394;Simples/variação;Berm-RcPro;"Bermuda de Ciclismo Scott RC Pro Masculino Cor:Preto / Branco;Tamanho:GG"
21395;Simples/variação;Berm-RcPro;"Bermuda de Ciclismo Scott RC Pro Masculino Cor:Preto / Branco;Tamanho:M"
21396;Simples/variação;Berm-RcPro;"Bermuda de Ciclismo Scott RC Pro Masculino Cor:Preto / Branco;Tamanho:P"
21397;Simples/variação;Berm-RcPro;"Bermuda de Ciclismo Scott RC Pro Masculino Cor:Preto / Cinza;Tamanho:3G"
21400;Simples/variação;Berm-RcPro;"Bermuda de Ciclismo Scott RC Pro Masculino Cor:Preto / Cinza;Tamanho:M"
21832;Simples/variação;Berm-RcPro;"Bermuda de Ciclismo Scott RC Pro Masculino Cor:Preto / Cinza;Tamanho:P"
21464;Simples/variação;Berm_Trail-Flow;"Bermuda Scott Trail Flow Cor:Azul Escuro;Tamanho:3G"
21460;Simples/variação;Berm_Trail-Flow;"Bermuda Scott Trail Flow Cor:Azul Escuro;Tamanho:G"
21463;Simples/variação;Berm_Trail-Flow;"Bermuda Scott Trail Flow Cor:Azul Escuro;Tamanho:GG"
21461;Simples/variação;Berm_Trail-Flow;"Bermuda Scott Trail Flow Cor:Azul Escuro;Tamanho:M"
21462;Simples/variação;Berm_Trail-Flow;"Bermuda Scott Trail Flow Cor:Azul Escuro;Tamanho:P"
014387;Simples/variação;hunchplus27v;"Bicicleta 29 Tsw Hunch Plus - Mtb 27v Tamanho do quadro:L - 19"";Cor:Azul/Preto"
014384;Simples/variação;hunchplus27v;"Bicicleta 29 Tsw Hunch Plus - Mtb 27v Tamanho do quadro:M - 17"";Cor:Azul/Preto"
014390;Simples/variação;hunchplus27v;"Bicicleta 29 Tsw Hunch Plus - Mtb 27v Tamanho do quadro:S - 15,5"";Cor:Azul/Preto"
22043;Simples/variação;Trick-Cross;"Bicicleta Aro 20 Athor Trick Cross Cor:Branco;Tamanho do Quadro:Aro 20"
22044;Simples/variação;Trick-Cross;"Bicicleta Aro 20 Athor Trick Cross Cor:Grafite;Tamanho do Quadro:Aro 20"
22045;Simples/variação;Trick-Cross;"Bicicleta Aro 20 Athor Trick Cross Cor:Preto;Tamanho do Quadro:Aro 20"
22722;Simples/variação;Model24-18m;"Bicicleta Aro 24 Feminina Athor Model 18 Marchas Com Cesta Tamanho do quadro:24;Cor:Lilás"
014486;Simples/variação;Model24-18m;"Bicicleta Aro 24 Feminina Athor Model 18 Marchas Com Cesta Tamanho do quadro:24;Cor:Rosa/Branco"
17054;Simples/variação;Model24-18m;"Bicicleta Aro 24 Feminina Athor Model 18 Marchas Com Cesta Tamanho do quadro:24;Cor:Violeta"
21961;Simples/variação;Hackeraro24;"Bicicleta Aro 24 Oggi Hacker 21v Tamanho:Aro 24;Cor:Azul/Preto"
21962;Simples/variação;Hackeraro24;"Bicicleta Aro 24 Oggi Hacker 21v Tamanho:Aro 24;Cor:Cinza/Amarelo"
18221;Simples/variação;Hackeraro24;"Bicicleta Aro 24 Oggi Hacker 21v Tamanho:Aro 24;Cor:Preto/Pink/Azul"
19387;Simples/variação;Hackeraro24;"Bicicleta Aro 24 Oggi Hacker 21v Tamanho:Aro 24;Cor:Preto/Vermelho"
23040;Simples/variação;Executiva;Bicicleta Aro 26 Athor Bike Executiva Tipo Barra Circular Cor:Azul
23041;Simples/variação;Executiva;Bicicleta Aro 26 Athor Bike Executiva Tipo Barra Circular Cor:Vermelho
23084;Simples/variação;B-Ramp;"Bicicleta Aro 26 Athor Freeride B-Ramp 7 Velocidades Cor:Amarela;Tamanho do Quadro:Aro 26"
22061;Simples/variação;B-Ramp;"Bicicleta Aro 26 Athor Freeride B-Ramp 7 Velocidades Cor:Azul;Tamanho do Quadro:Aro 26"
22059;Simples/variação;B-Ramp;"Bicicleta Aro 26 Athor Freeride B-Ramp 7 Velocidades Cor:Branca;Tamanho do Quadro:Aro 26"
22060;Simples/variação;B-Ramp;"Bicicleta Aro 26 Athor Freeride B-Ramp 7 Velocidades Cor:Rosa;Tamanho do Quadro:Aro 26"
22058;Simples/variação;Mtda-2.0;"Bicicleta Aro 26 Athor Montadinha 2.0 Rebaixada c/ Bagageiro Cor:Azul;Tamanho do Quadro:Aro 26"
22057;Simples/variação;Mtda-2.0;"Bicicleta Aro 26 Athor Montadinha 2.0 Rebaixada c/ Bagageiro Cor:Grafite;Tamanho do Quadro:Aro 26"
22056;Simples/variação;Mtda-2.0;"Bicicleta Aro 26 Athor Montadinha 2.0 Rebaixada c/ Bagageiro Cor:Preto;Tamanho do Quadro:Aro 26"
20994;Simples/variação;Montadinha-26;Bicicleta Aro 26 Athor Montadinha c/ Bagageiro Cor:Amarelo Neon
020991;Simples/variação;Musa-26;Bicicleta Aro 26 Athor Musa 18v c/ Cestão Cor:Azul
20990;Simples/variação;Musa-26;Bicicleta Aro 26 Athor Musa 18v c/ Cestão Cor:Branco
22552;Simples/variação;GpsFull-26;"Bicicleta Aro 26 Colli Gps Dupla Suspensão Full 21v Cor:Amarelo;Aro:26"
22554;Simples/variação;GpsFull-26;"Bicicleta Aro 26 Colli Gps Dupla Suspensão Full 21v Cor:Branco;Aro:26"
22553;Simples/variação;GpsFull-26;"Bicicleta Aro 26 Colli Gps Dupla Suspensão Full 21v Cor:Preto / Laranja;Aro:26"
22555;Simples/variação;GpsFull-26;"Bicicleta Aro 26 Colli Gps Dupla Suspensão Full 21v Cor:Rosa;Aro:26"
21672;Simples/variação;;Bicicleta Aro 29 Athor Mixed 21 Vel Tamanho Único M-17
20276;Simples/variação;ADX300;"Bicicleta Aro 29 Audax Adx 300 Cues 11v Cor:Verde Metálico / Amarelo;Tamanho do Quadro:M - 17"
20277;Simples/variação;ADX300;"Bicicleta Aro 29 Audax Adx 300 Cues 11v Cor:Verde Metálico / Amarelo;Tamanho do Quadro:S - 15,5"
23230;Simples/variação;Caloi-Aluminum;"Bicicleta Aro 29 Caloi Aluminum Pro 20 Velocidades Cor:Cinza;Tamanho do Quadro:M - 17"
22475;Simples/variação;Aspen25;"Bicicleta Aro 29 Caloi Aspen Freio Hidraulico 24v Cor:Azul;Tamanho do Quadro:M - 17"
21559;Simples/variação;Carbon-Fs-NX;"Bicicleta Aro 29 Caloi Elite Carbon Fs 12v Sram Nx 2025 Cor:Preto;Tamanho do Quadro:M - 17"
22124;Simples/variação;Carbon-Fs-NX;"Bicicleta Aro 29 Caloi Elite Carbon Fs 12v Sram Nx 2025 Cor:Preto;Tamanho do Quadro:S - 15,5"
23724;Simples/variação;ExpPro_2026;"Bicicleta Aro 29 Caloi Exp Pro SL F2 2026 Shimano Deore 12v Tamanho Do Quadro:G - 19;Cor:Azul"
23680;Simples/variação;ExpPro_2026;"Bicicleta Aro 29 Caloi Exp Pro SL F2 2026 Shimano Deore 12v Tamanho Do Quadro:G - 19;Cor:Cinza"
23723;Simples/variação;ExpPro_2026;"Bicicleta Aro 29 Caloi Exp Pro SL F2 2026 Shimano Deore 12v Tamanho Do Quadro:M - 17;Cor:Azul"
22276;Simples/variação;Comp-SL-2026;"Bicicleta Aro 29 Caloi Explorer Comp SL 10v Mtb 2026 Cor:Azul;Tamanho do Quadro:L - 19"
22275;Simples/variação;Comp-SL-2026;"Bicicleta Aro 29 Caloi Explorer Comp SL 10v Mtb 2026 Cor:Azul;Tamanho do Quadro:M - 17"
22274;Simples/variação;Comp-SL-2026;"Bicicleta Aro 29 Caloi Explorer Comp SL 10v Mtb 2026 Cor:Azul;Tamanho do Quadro:S - 15,5"
22279;Simples/variação;Comp-SL-2026;"Bicicleta Aro 29 Caloi Explorer Comp SL 10v Mtb 2026 Cor:Azul;Tamanho do Quadro:XL - 21"
22280;Simples/variação;Comp-SL-2026;"Bicicleta Aro 29 Caloi Explorer Comp SL 10v Mtb 2026 Cor:Vermelho;Tamanho do Quadro:L - 19"
22278;Simples/variação;Comp-SL-2026;"Bicicleta Aro 29 Caloi Explorer Comp SL 10v Mtb 2026 Cor:Vermelho;Tamanho do Quadro:M - 17"
22277;Simples/variação;Comp-SL-2026;"Bicicleta Aro 29 Caloi Explorer Comp SL 10v Mtb 2026 Cor:Vermelho;Tamanho do Quadro:S - 15,5"
22171;Simples/variação;Comp_SL;"Bicicleta Aro 29 Caloi Explorer Comp SL 9v Mtb Cor:Azul;Tamanho do Quadro:XL - 21"
22125;Simples/variação;Comp_SL;"Bicicleta Aro 29 Caloi Explorer Comp SL 9v Mtb Cor:Cinza;Tamanho do Quadro:XL - 21"
23215;Simples/variação;Montana;"Bicicleta Aro 29 Caloi Montana 21 Velocidades Cor:Vermelho;Tamanho do Quadro:M - 17"
21003;Simples/variação;Kamp;"Bicicleta Aro 29 Houston Kamp 21v Shimano Cor:Amarelo;Tamanho:S - 15"
20281;Simples/variação;Kamp;"Bicicleta Aro 29 Houston Kamp 21v Shimano Cor:Inox;Tamanho:M - 17"
20280;Simples/variação;Kamp;"Bicicleta Aro 29 Houston Kamp 21v Shimano Cor:Inox;Tamanho:S - 15"
20985;Simples/variação;Kamp;"Bicicleta Aro 29 Houston Kamp 21v Shimano Cor:Preto;Tamanho:L - 19"
21205;Simples/variação;Kamp;"Bicicleta Aro 29 Houston Kamp 21v Shimano Cor:Preto;Tamanho:M - 17"
20284;Simples/variação;Kamp;"Bicicleta Aro 29 Houston Kamp 21v Shimano Cor:Verde Metálico;Tamanho:L - 19"
21206;Simples/variação;Kamp;"Bicicleta Aro 29 Houston Kamp 21v Shimano Cor:Verde Metálico;Tamanho:M - 17"
20279;Simples/variação;Kamp;"Bicicleta Aro 29 Houston Kamp 21v Shimano Cor:Verde Metálico;Tamanho:S - 15"
20282;Simples/variação;Kamp;"Bicicleta Aro 29 Houston Kamp 21v Shimano Cor:Vermelho;Tamanho:L - 19"
20283;Simples/variação;Kamp;"Bicicleta Aro 29 Houston Kamp 21v Shimano Cor:Vermelho;Tamanho:M - 17"
21004;Simples/variação;Kamp;"Bicicleta Aro 29 Houston Kamp 21v Shimano Cor:Vermelho;Tamanho:S - 15"
23534;Simples/variação;Sirius;"Bicicleta Aro 29 Houston Sirius 21v Cor:Cinza;Tamanho do Quadro:M - 17"
23533;Simples/variação;Sirius;"Bicicleta Aro 29 Houston Sirius 21v Cor:Verde;Tamanho do Quadro:M - 17"
23535;Simples/variação;Sirius;"Bicicleta Aro 29 Houston Sirius 21v Cor:Vermelho;Tamanho do Quadro:M - 17"
20481;Simples/variação;Essenza;"Bicicleta Aro 29 Mtb Colli Essenza Gold 12v Freio Hidráulico Cor:Preto/Dourado;Tamanho:L - 19"
20480;Simples/variação;Essenza;"Bicicleta Aro 29 Mtb Colli Essenza Gold 12v Freio Hidráulico Cor:Preto/Dourado;Tamanho:M - 17"
20479;Simples/variação;Essenza;"Bicicleta Aro 29 Mtb Colli Essenza Gold 12v Freio Hidráulico Cor:Preto/Dourado;Tamanho:S - 15.5"
20482;Simples/variação;Essenza;"Bicicleta Aro 29 Mtb Colli Essenza Gold 12v Freio Hidráulico Cor:Preto/Dourado;Tamanho:XL - 21"
22210;Simples/variação;Hills-2026;"Bicicleta Aro 29 Mtb Colli Hills 16v Shimano Acera 2026 Cor:Branco / Azul / Preto;Tamanho do Quadro:L - 19"
22223;Simples/variação;Hills-2026;"Bicicleta Aro 29 Mtb Colli Hills 16v Shimano Acera 2026 Cor:Branco / Azul / Preto;Tamanho do Quadro:M - 17"
23286;Simples/variação;Hills-2026;"Bicicleta Aro 29 Mtb Colli Hills 16v Shimano Acera 2026 Cor:Branco / Azul / Preto;Tamanho do Quadro:S - 15,5"
23285;Simples/variação;Hills-2026;"Bicicleta Aro 29 Mtb Colli Hills 16v Shimano Acera 2026 Cor:Branco / Azul / Preto;Tamanho do Quadro:XL - 21"
23291;Simples/variação;Hills-2026;"Bicicleta Aro 29 Mtb Colli Hills 16v Shimano Acera 2026 Cor:Branco / Dourada / Preto;Tamanho do Quadro:L - 19"
23290;Simples/variação;Hills-2026;"Bicicleta Aro 29 Mtb Colli Hills 16v Shimano Acera 2026 Cor:Branco / Dourada / Preto;Tamanho do Quadro:M - 17"
23289;Simples/variação;Hills-2026;"Bicicleta Aro 29 Mtb Colli Hills 16v Shimano Acera 2026 Cor:Branco / Dourada / Preto;Tamanho do Quadro:S - 15,5"
23292;Simples/variação;Hills-2026;"Bicicleta Aro 29 Mtb Colli Hills 16v Shimano Acera 2026 Cor:Branco / Dourada / Preto;Tamanho do Quadro:XL - 21"
22297;Simples/variação;Hills-2026;"Bicicleta Aro 29 Mtb Colli Hills 16v Shimano Acera 2026 Cor:Preto / Verde Metálico;Tamanho do Quadro:L - 19"
22298;Simples/variação;Hills-2026;"Bicicleta Aro 29 Mtb Colli Hills 16v Shimano Acera 2026 Cor:Preto / Verde Metálico;Tamanho do Quadro:M - 17"
23287;Simples/variação;Hills-2026;"Bicicleta Aro 29 Mtb Colli Hills 16v Shimano Acera 2026 Cor:Preto / Verde Metálico;Tamanho do Quadro:S - 15,5"
22299;Simples/variação;Hills-2026;"Bicicleta Aro 29 Mtb Colli Hills 16v Shimano Acera 2026 Cor:Preto / Verde Metálico;Tamanho do Quadro:XL - 21"
22225;Simples/variação;Hills-2026;"Bicicleta Aro 29 Mtb Colli Hills 16v Shimano Acera 2026 Cor:Vermelho / Prata / Preto;Tamanho do Quadro:L - 19"
22224;Simples/variação;Hills-2026;"Bicicleta Aro 29 Mtb Colli Hills 16v Shimano Acera 2026 Cor:Vermelho / Prata / Preto;Tamanho do Quadro:M - 17"
22226;Simples/variação;Hills-2026;"Bicicleta Aro 29 Mtb Colli Hills 16v Shimano Acera 2026 Cor:Vermelho / Prata / Preto;Tamanho do Quadro:S - 15,5"
23284;Simples/variação;Hills-2026;"Bicicleta Aro 29 Mtb Colli Hills 16v Shimano Acera 2026 Cor:Vermelho / Prata / Preto;Tamanho do Quadro:XL - 21"
23187;Simples/variação;Lands-Avelar;"Bicicleta Aro 29 Mtb Colli Landscape Deore 12v Freio Shimano Cor:Dourado / Preto;Tamanho do Quadro:L - 19"
23186;Simples/variação;Lands-Avelar;"Bicicleta Aro 29 Mtb Colli Landscape Deore 12v Freio Shimano Cor:Dourado / Preto;Tamanho do Quadro:M - 17"
23185;Simples/variação;Lands-Avelar;"Bicicleta Aro 29 Mtb Colli Landscape Deore 12v Freio Shimano Cor:Dourado / Preto;Tamanho do Quadro:S - 15,5"
23188;Simples/variação;Lands-Avelar;"Bicicleta Aro 29 Mtb Colli Landscape Deore 12v Freio Shimano Cor:Dourado / Preto;Tamanho do Quadro:XL - 21"
23183;Simples/variação;Lands-Avelar;"Bicicleta Aro 29 Mtb Colli Landscape Deore 12v Freio Shimano Cor:Verde / Preto;Tamanho do Quadro:L - 19"
23182;Simples/variação;Lands-Avelar;"Bicicleta Aro 29 Mtb Colli Landscape Deore 12v Freio Shimano Cor:Verde / Preto;Tamanho do Quadro:M - 17"
23181;Simples/variação;Lands-Avelar;"Bicicleta Aro 29 Mtb Colli Landscape Deore 12v Freio Shimano Cor:Verde / Preto;Tamanho do Quadro:S - 15,5"
23184;Simples/variação;Lands-Avelar;"Bicicleta Aro 29 Mtb Colli Landscape Deore 12v Freio Shimano Cor:Verde / Preto;Tamanho do Quadro:XL - 21"
22301;Simples/variação;Valencia2026;"Bicicleta Aro 29 Mtb Colli Valência 10v Shimano Cues 2026 Cor:Azul Metálico / Preto;Tamanho do Quadro:L - 19"
22302;Simples/variação;Valencia2026;"Bicicleta Aro 29 Mtb Colli Valência 10v Shimano Cues 2026 Cor:Azul Metálico / Preto;Tamanho do Quadro:M - 17"
22304;Simples/variação;Valencia2026;"Bicicleta Aro 29 Mtb Colli Valência 10v Shimano Cues 2026 Cor:Marrom Metálico / Preto;Tamanho do Quadro:L - 19"
22303;Simples/variação;Valencia2026;"Bicicleta Aro 29 Mtb Colli Valência 10v Shimano Cues 2026 Cor:Marrom Metálico / Preto;Tamanho do Quadro:M - 17"
23296;Simples/variação;Zurich_Comp;"Bicicleta Aro 29 Mtb Colli Zurich Comp Carbono Sh Deore 12v Cor:Branco / Azul / Preto;Tamanho do Quadro:L - 19"
23295;Simples/variação;Zurich_Comp;"Bicicleta Aro 29 Mtb Colli Zurich Comp Carbono Sh Deore 12v Cor:Branco / Azul / Preto;Tamanho do Quadro:M - 17"
23294;Simples/variação;Zurich_Comp;"Bicicleta Aro 29 Mtb Colli Zurich Comp Carbono Sh Deore 12v Cor:Branco / Azul / Preto;Tamanho do Quadro:S - 15,5"
23297;Simples/variação;Zurich_Comp;"Bicicleta Aro 29 Mtb Colli Zurich Comp Carbono Sh Deore 12v Cor:Branco / Azul / Preto;Tamanho do Quadro:XL - 21"
23300;Simples/variação;Zurich_Comp;"Bicicleta Aro 29 Mtb Colli Zurich Comp Carbono Sh Deore 12v Cor:Branco / Cinza / Preto;Tamanho do Quadro:L - 19"
23299;Simples/variação;Zurich_Comp;"Bicicleta Aro 29 Mtb Colli Zurich Comp Carbono Sh Deore 12v Cor:Branco / Cinza / Preto;Tamanho do Quadro:M - 17"
23298;Simples/variação;Zurich_Comp;"Bicicleta Aro 29 Mtb Colli Zurich Comp Carbono Sh Deore 12v Cor:Branco / Cinza / Preto;Tamanho do Quadro:S - 15,5"
23301;Simples/variação;Zurich_Comp;"Bicicleta Aro 29 Mtb Colli Zurich Comp Carbono Sh Deore 12v Cor:Branco / Cinza / Preto;Tamanho do Quadro:XL - 21"
21859;Simples/variação;HackerSport_Ofc;"Bicicleta Aro 29 Mtb Oggi Hacker Sport 21V Cor:Azul / Vermelho / Preto;Tamanho:L - 19"
21858;Simples/variação;HackerSport_Ofc;"Bicicleta Aro 29 Mtb Oggi Hacker Sport 21V Cor:Azul / Vermelho / Preto;Tamanho:M - 17"
21959;Simples/variação;HackerSport_Ofc;"Bicicleta Aro 29 Mtb Oggi Hacker Sport 21V Cor:Azul / Vermelho / Preto;Tamanho:S - 15,5"
21960;Simples/variação;HackerSport_Ofc;"Bicicleta Aro 29 Mtb Oggi Hacker Sport 21V Cor:Grafite / Amarelo / Preto;Tamanho:L - 19"
21861;Simples/variação;HackerSport_Ofc;"Bicicleta Aro 29 Mtb Oggi Hacker Sport 21V Cor:Grafite / Amarelo / Preto;Tamanho:M - 17"
21860;Simples/variação;HackerSport_Ofc;"Bicicleta Aro 29 Mtb Oggi Hacker Sport 21V Cor:Grafite / Amarelo / Preto;Tamanho:S - 15,5"
21863;Simples/variação;HackerSport_Ofc;"Bicicleta Aro 29 Mtb Oggi Hacker Sport 21V Cor:Grafite / Rosa / Preto;Tamanho:M - 17"
21862;Simples/variação;HackerSport_Ofc;"Bicicleta Aro 29 Mtb Oggi Hacker Sport 21V Cor:Grafite / Rosa / Preto;Tamanho:S - 15,5"
21866;Simples/variação;HackerSport_Ofc;"Bicicleta Aro 29 Mtb Oggi Hacker Sport 21V Cor:Grafite / Verde / Preto;Tamanho:L - 19"
21865;Simples/variação;HackerSport_Ofc;"Bicicleta Aro 29 Mtb Oggi Hacker Sport 21V Cor:Grafite / Verde / Preto;Tamanho:M - 17"
21864;Simples/variação;HackerSport_Ofc;"Bicicleta Aro 29 Mtb Oggi Hacker Sport 21V Cor:Grafite / Verde / Preto;Tamanho:S - 15,5"
21869;Simples/variação;HackerSport_Ofc;"Bicicleta Aro 29 Mtb Oggi Hacker Sport 21V Cor:Grafite / Vermelho / Preto;Tamanho:L - 19"
21868;Simples/variação;HackerSport_Ofc;"Bicicleta Aro 29 Mtb Oggi Hacker Sport 21V Cor:Grafite / Vermelho / Preto;Tamanho:M - 17"
21867;Simples/variação;HackerSport_Ofc;"Bicicleta Aro 29 Mtb Oggi Hacker Sport 21V Cor:Grafite / Vermelho / Preto;Tamanho:S - 15,5"
21872;Simples/variação;HackerSport_Ofc;"Bicicleta Aro 29 Mtb Oggi Hacker Sport 21V Cor:Laranja / Verde / Preto;Tamanho:L - 19"
21871;Simples/variação;HackerSport_Ofc;"Bicicleta Aro 29 Mtb Oggi Hacker Sport 21V Cor:Laranja / Verde / Preto;Tamanho:M - 17"
21870;Simples/variação;HackerSport_Ofc;"Bicicleta Aro 29 Mtb Oggi Hacker Sport 21V Cor:Laranja / Verde / Preto;Tamanho:S - 15,5"
20856;Simples/variação;BW-7.0.Ed-Ltd;"Bicicleta Aro 29 Oggi Big Wheel 7.0 18v Ed. Ltda Cor:Grafite/Azul/Cinza;Tamanho:L - 19"
22212;Simples/variação;BW-7.0_2024;"Bicicleta Aro 29 Oggi Big Wheel 7.0 Shimano Cues 9v 2024 Cor:Grafite/Branco;Tamanho:M - 17"
21907;Simples/variação;BW7.0-2026;"Bicicleta Aro 29 Oggi Big Wheel 7.0 Shimano Cues 9v 2026 Cor:Preto / Azul;Tamanho do Quadro:L - 19"
22007;Simples/variação;BW7.0-2026;"Bicicleta Aro 29 Oggi Big Wheel 7.0 Shimano Cues 9v 2026 Cor:Preto / Azul;Tamanho do Quadro:M - 17"
21906;Simples/variação;BW7.0-2026;"Bicicleta Aro 29 Oggi Big Wheel 7.0 Shimano Cues 9v 2026 Cor:Preto / Azul;Tamanho do Quadro:S - 15,5"
21905;Simples/variação;BW7.0-2026;"Bicicleta Aro 29 Oggi Big Wheel 7.0 Shimano Cues 9v 2026 Cor:Preto / Vermelho;Tamanho do Quadro:L - 19"
21904;Simples/variação;BW7.0-2026;"Bicicleta Aro 29 Oggi Big Wheel 7.0 Shimano Cues 9v 2026 Cor:Preto / Vermelho;Tamanho do Quadro:M - 17"
21903;Simples/variação;BW7.0-2026;"Bicicleta Aro 29 Oggi Big Wheel 7.0 Shimano Cues 9v 2026 Cor:Preto / Vermelho;Tamanho do Quadro:S - 15,5"
22008;Simples/variação;BW7.0-2026;"Bicicleta Aro 29 Oggi Big Wheel 7.0 Shimano Cues 9v 2026 Cor:Preto / Vermelho;Tamanho do Quadro:XL - 21"
22271;Simples/variação;7.1-2026;"Bicicleta Aro 29 Oggi Big Wheel 7.1 Cues 10v Mtb 2026 Cor:Preto / Laranja;Tamanho do Quadro:L - 19"
22272;Simples/variação;7.1-2026;"Bicicleta Aro 29 Oggi Big Wheel 7.1 Cues 10v Mtb 2026 Cor:Verde / Vermelho;Tamanho do Quadro:L - 19"
22650;Simples/variação;7.1-2026;"Bicicleta Aro 29 Oggi Big Wheel 7.1 Cues 10v Mtb 2026 Cor:Verde / Vermelho;Tamanho do Quadro:M - 17"
23508;Simples/variação;BW_7.2;"Bicicleta Aro 29 Oggi Big Wheel 7.2 Deore 12 Velocidade Cor:Grafite / Rosa / Cinza;Tamanho:M - 17"
21958;Simples/variação;BW_7.2;"Bicicleta Aro 29 Oggi Big Wheel 7.2 Deore 12 Velocidade Cor:Grafite / Rosa / Cinza;Tamanho:S - 15,5"
21969;Simples/variação;BW_7.2;"Bicicleta Aro 29 Oggi Big Wheel 7.2 Deore 12 Velocidade Cor:Grafite / Vermelho / Cinza;Tamanho:L - 19"
21909;Simples/variação;BW_7.2;"Bicicleta Aro 29 Oggi Big Wheel 7.2 Deore 12 Velocidade Cor:Grafite / Vermelho / Cinza;Tamanho:M - 17"
21911;Simples/variação;BW_7.3;"Bicicleta Aro 29 Oggi Big Wheel 7.3 Deore 12V 2025 Cor:Azul / Cinza;Tamanho:L - 19"
21910;Simples/variação;BW_7.3;"Bicicleta Aro 29 Oggi Big Wheel 7.3 Deore 12V 2025 Cor:Azul / Cinza;Tamanho:M - 17"
21912;Simples/variação;BW_7.3;"Bicicleta Aro 29 Oggi Big Wheel 7.3 Deore 12V 2025 Cor:Azul / Cinza;Tamanho:XL - 21"
21915;Simples/variação;BW_7.3;"Bicicleta Aro 29 Oggi Big Wheel 7.3 Deore 12V 2025 Cor:Vermelho / Branco;Tamanho:L - 19"
21914;Simples/variação;BW_7.3;"Bicicleta Aro 29 Oggi Big Wheel 7.3 Deore 12V 2025 Cor:Vermelho / Branco;Tamanho:M - 17"
21913;Simples/variação;BW_7.3;"Bicicleta Aro 29 Oggi Big Wheel 7.3 Deore 12V 2025 Cor:Vermelho / Branco;Tamanho:S - 15,5"
22654;Simples/variação;BW7.3-2026;"Bicicleta Aro 29 Oggi Big Wheel 7.3 Deore 12V 2026 Cor:Azul / Cinza;Tamanho do Quadro:M - 17"
22653;Simples/variação;BW7.3-2026;"Bicicleta Aro 29 Oggi Big Wheel 7.3 Deore 12V 2026 Cor:Azul / Cinza;Tamanho do Quadro:XL - 21"
22649;Simples/variação;BW7.3-2026;"Bicicleta Aro 29 Oggi Big Wheel 7.3 Deore 12V 2026 Cor:Verde / Cinza;Tamanho do Quadro:M - 17"
22598;Simples/variação;SenseFunComp;"Bicicleta Aro 29 Sense Fun Comp Tamanho do quadro:M (17);Cor:Cinza"
013132;Simples/variação;SenseFunComp;"Bicicleta Aro 29 Sense Fun Comp Tamanho do quadro:M (17);Cor:Cinza/Roxo"
20849;Simples/variação;Jump2024;"Bicicleta Aro 29 Tsw Jump Boost Sr - Mtb Shimano Cor:Areia/Preto;Tamanho:15,5"
19770;Simples/variação;Jump2024;"Bicicleta Aro 29 Tsw Jump Boost Sr - Mtb Shimano Cor:Areia/Preto;Tamanho:17"
19772;Simples/variação;Jump2024;"Bicicleta Aro 29 Tsw Jump Boost Sr - Mtb Shimano Cor:Areia/Preto;Tamanho:19"
20592;Simples/variação;Jump2024;"Bicicleta Aro 29 Tsw Jump Boost Sr - Mtb Shimano Cor:Areia/Preto;Tamanho:21"
20850;Simples/variação;Jump2024;"Bicicleta Aro 29 Tsw Jump Boost Sr - Mtb Shimano Cor:Azul;Tamanho:15,5"
20851;Simples/variação;Jump2024;"Bicicleta Aro 29 Tsw Jump Boost Sr - Mtb Shimano Cor:Azul;Tamanho:17"
19769;Simples/variação;Jump2024;"Bicicleta Aro 29 Tsw Jump Boost Sr - Mtb Shimano Cor:Cinza/Preto;Tamanho:15,5"
19771;Simples/variação;Jump2024;"Bicicleta Aro 29 Tsw Jump Boost Sr - Mtb Shimano Cor:Cinza/Preto;Tamanho:17"
19773;Simples/variação;Jump2024;"Bicicleta Aro 29 Tsw Jump Boost Sr - Mtb Shimano Cor:Cinza/Preto;Tamanho:19"
15074;Simples/variação;Jump;"Bicicleta Aro 29 Tsw Jump SR - Mtb Shimano Tamanho do quadro:S - 15,5"";Cor:Vermelho/Cinza"
22049;Simples/variação;Nuuk-RS;"Bicicleta Aro 29 Tsw Nuuk Deore 12v Rock Shox Cor:Branco/Cinza/Laranja;Tamanho do Quadro:L - 19"
22048;Simples/variação;Nuuk-RS;"Bicicleta Aro 29 Tsw Nuuk Deore 12v Rock Shox Cor:Branco/Cinza/Laranja;Tamanho do Quadro:M - 17"
22047;Simples/variação;Nuuk-RS;"Bicicleta Aro 29 Tsw Nuuk Deore 12v Rock Shox Cor:Branco/Cinza/Laranja;Tamanho do Quadro:S - 15.5"
22371;Simples/variação;Nuuk-RS;"Bicicleta Aro 29 Tsw Nuuk Deore 12v Rock Shox Cor:Cinza / Azul;Tamanho do Quadro:L - 19"
22484;Simples/variação;Nuuk-RS;"Bicicleta Aro 29 Tsw Nuuk Deore 12v Rock Shox Cor:Cinza / Azul;Tamanho do Quadro:M - 17"
22482;Simples/variação;Nuuk-RS;"Bicicleta Aro 29 Tsw Nuuk Deore 12v Rock Shox Cor:Cinza / Azul;Tamanho do Quadro:S - 15.5"
22485;Simples/variação;Nuuk-RS;"Bicicleta Aro 29 Tsw Nuuk Deore 12v Rock Shox Cor:Verde / Laranja;Tamanho do Quadro:M - 17"
22483;Simples/variação;Nuuk-RS;"Bicicleta Aro 29 Tsw Nuuk Deore 12v Rock Shox Cor:Verde / Laranja;Tamanho do Quadro:S - 15.5"
20899;Simples/variação;Nuuk;"Bicicleta Aro 29 Tsw Nuuk Deore 12v Suntour Cor:Branco/Cinza/Laranja;Tamanho:15.5"
19899;Simples/variação;Nuuk;"Bicicleta Aro 29 Tsw Nuuk Deore 12v Suntour Cor:Branco/Cinza/Laranja;Tamanho:17"
20594;Simples/variação;Nuuk;"Bicicleta Aro 29 Tsw Nuuk Deore 12v Suntour Cor:Branco/Cinza/Laranja;Tamanho:19"
21115;Simples/variação;Nuuk;"Bicicleta Aro 29 Tsw Nuuk Deore 12v Suntour Cor:Cinza/Azul;Tamanho:15.5"
20848;Simples/variação;Nuuk;"Bicicleta Aro 29 Tsw Nuuk Deore 12v Suntour Cor:Cinza/Azul;Tamanho:17"
20847;Simples/variação;Nuuk;"Bicicleta Aro 29 Tsw Nuuk Deore 12v Suntour Cor:Cinza/Azul;Tamanho:19"
19706;Simples/variação;Nuuk;"Bicicleta Aro 29 Tsw Nuuk Deore 12v Suntour Cor:Cinza/Azul;Tamanho:21"
21116;Simples/variação;Nuuk;"Bicicleta Aro 29 Tsw Nuuk Deore 12v Suntour Cor:Verde/Cinza/Laranja;Tamanho:15.5"
20900;Simples/variação;Nuuk;"Bicicleta Aro 29 Tsw Nuuk Deore 12v Suntour Cor:Verde/Cinza/Laranja;Tamanho:17"
23314;Simples/variação;Nuuk_NX-RS;"Bicicleta Aro 29 Tsw Nuuk Sram NX 12v Rock Shox Cor:Cinza / Preto;Tamanho do Quadro:XL - 21"
23317;Simples/variação;Nuuk_NX-SR;"Bicicleta Aro 29 Tsw Nuuk Sram NX 12v Suntour Cor:Cinza / Preto;Tamanho do Quadro:L - 19"
23316;Simples/variação;Nuuk_NX-SR;"Bicicleta Aro 29 Tsw Nuuk Sram NX 12v Suntour Cor:Cinza / Preto;Tamanho do Quadro:M - 17"
23315;Simples/variação;Nuuk_NX-SR;"Bicicleta Aro 29 Tsw Nuuk Sram NX 12v Suntour Cor:Cinza / Preto;Tamanho do Quadro:S - 15,5"
23318;Simples/variação;Nuuk_NX-SR;"Bicicleta Aro 29 Tsw Nuuk Sram NX 12v Suntour Cor:Cinza / Preto;Tamanho do Quadro:XL - 21"
23104;Simples/variação;Arenita;"Bicicleta Aro 700 Gravel Caloi Arenita 12v Cor:Branco;Tamanho do Quadro:L - 55"
23103;Simples/variação;Arenita;"Bicicleta Aro 700 Gravel Caloi Arenita 12v Cor:Branco;Tamanho do Quadro:M - 52"
23102;Simples/variação;Arenita;"Bicicleta Aro 700 Gravel Caloi Arenita 12v Cor:Branco;Tamanho do Quadro:S - 49"
23105;Simples/variação;Arenita;"Bicicleta Aro 700 Gravel Caloi Arenita 12v Cor:Branco;Tamanho do Quadro:XL - 59"
23108;Simples/variação;Arenita;"Bicicleta Aro 700 Gravel Caloi Arenita 12v Cor:Preto;Tamanho do Quadro:L - 55"
23107;Simples/variação;Arenita;"Bicicleta Aro 700 Gravel Caloi Arenita 12v Cor:Preto;Tamanho do Quadro:M - 52"
23106;Simples/variação;Arenita;"Bicicleta Aro 700 Gravel Caloi Arenita 12v Cor:Preto;Tamanho do Quadro:S - 49"
23109;Simples/variação;Arenita;"Bicicleta Aro 700 Gravel Caloi Arenita 12v Cor:Preto;Tamanho do Quadro:XL - 59"
20801;Simples/variação;Evolut-26;Bicicleta Athor Aro 26 Evolution Rebaixada 18 Marchas Cor:Grafite/Azul
20800;Simples/variação;Evolut-26;Bicicleta Athor Aro 26 Evolution Rebaixada 18 Marchas Cor:Grafite/Vermelho
23085;Simples/variação;VORX;"Bicicleta Athor Aro 26 Freeride Single Vorx Cor:Grafite;Tamanho do Quadro:Aro 26"
23086;Simples/variação;VORX;"Bicicleta Athor Aro 26 Freeride Single Vorx Cor:Preto;Tamanho do Quadro:Aro 26"
17055;Simples/variação;Jet_Rebaixada;Bicicleta Athor Aro 26 Jet Rebaixada 18 Machas Cor:Branco / Amarelo
17056;Simples/variação;Jet_Rebaixada;Bicicleta Athor Aro 26 Jet Rebaixada 18 Machas Cor:Branco / Verde
12727;Simples/variação;Jet_Rebaixada;Bicicleta Athor Aro 26 Jet Rebaixada 18 Machas Cor:Preto / Amarelo
17057;Simples/variação;Jet_Rebaixada;Bicicleta Athor Aro 26 Jet Rebaixada 18 Machas Cor:Preto / Verde
006074;Simples/variação;MLB1874583535;Bicicleta Athor Aro 26 Legacy 18 Marchas Cor:Azul
006071;Simples/variação;MLB1874583535;Bicicleta Athor Aro 26 Legacy 18 Marchas Cor:Verde
006072;Simples/variação;MLB1874583535;Bicicleta Athor Aro 26 Legacy 18 Marchas Cor:Vermelho
18460;Simples/variação;Legacy_S/M;Bicicleta Athor Aro 26 Legacy Sem Marcha Cor:Verde
22721;Simples/variação;26Model-18m;Bicicleta Athor Aro 26 Model 18 Marchas Cor:Lilás
006065;Simples/variação;26Model-18m;Bicicleta Athor Aro 26 Model 18 Marchas Cor:Rosa/Branco
7463;Simples/variação;26Model-18m;Bicicleta Athor Aro 26 Model 18 Marchas Cor:Violeta
22052;Simples/variação;Musa-aro24;"Bicicleta Athor Musa Aro 24 c/ Cestão 18 Marchas Cor:Branca;Tamanho do Quadro:Aro 24"
22062;Simples/variação;V-One_Evo;"Bicicleta de Speed, Road Athor 700 V-One Evo 16V Cor:Laranja Neon;Tamanho do Quadro:M - 53"
22312;Simples/variação;Firenze-2026;"Bicicleta de Speed, Road Colli 700 Firenze 20V 2026 Cor:Verde Acqua / Branco;Tamanho do Quadro:L - 54"
22311;Simples/variação;Firenze-2026;"Bicicleta de Speed, Road Colli 700 Firenze 20V 2026 Cor:Verde Acqua / Branco;Tamanho do Quadro:M - 51"
22314;Simples/variação;Firenze-2026;"Bicicleta de Speed, Road Colli 700 Firenze 20V 2026 Cor:Verde Metálico / Cinza;Tamanho do Quadro:L - 54"
22313;Simples/variação;Firenze-2026;"Bicicleta de Speed, Road Colli 700 Firenze 20V 2026 Cor:Verde Metálico / Cinza;Tamanho do Quadro:M - 51"
22318;Simples/variação;Firenze-2026;"Bicicleta de Speed, Road Colli 700 Firenze 20V 2026 Cor:Verde Metálico / Cinza;Tamanho do Quadro:XL - 58"
22315;Simples/variação;Firenze-2026;"Bicicleta de Speed, Road Colli 700 Firenze 20V 2026 Cor:Vermelho / Branco;Tamanho do Quadro:L - 54"
22316;Simples/variação;Firenze-2026;"Bicicleta de Speed, Road Colli 700 Firenze 20V 2026 Cor:Vermelho / Branco;Tamanho do Quadro:M - 51"
22317;Simples/variação;Firenze-2026;"Bicicleta de Speed, Road Colli 700 Firenze 20V 2026 Cor:Vermelho / Branco;Tamanho do Quadro:S - 48"
22451;Simples/variação;Vêneto2026;"Bicicleta de Speed, Road Colli Vêneto 700 10v Cues 2026 Cor:Champagne / Branco;Tamanho do Quadro:L"
22452;Simples/variação;Vêneto2026;"Bicicleta de Speed, Road Colli Vêneto 700 10v Cues 2026 Cor:Champagne / Branco;Tamanho do Quadro:M"
22453;Simples/variação;Vêneto2026;"Bicicleta de Speed, Road Colli Vêneto 700 10v Cues 2026 Cor:Champagne / Branco;Tamanho do Quadro:S"
22454;Simples/variação;Vêneto2026;"Bicicleta de Speed, Road Colli Vêneto 700 10v Cues 2026 Cor:Marrom / Branco;Tamanho do Quadro:L"
22455;Simples/variação;Vêneto2026;"Bicicleta de Speed, Road Colli Vêneto 700 10v Cues 2026 Cor:Marrom / Branco;Tamanho do Quadro:M"
22456;Simples/variação;Vêneto2026;"Bicicleta de Speed, Road Colli Vêneto 700 10v Cues 2026 Cor:Marrom / Branco;Tamanho do Quadro:XL"
23281;Simples/variação;Tr10;"Bicicleta de Speed, Road TSW TR10 - 20 Velocidades Tamanho:L - 56;Cor:Laranja"
23277;Simples/variação;Tr10;"Bicicleta de Speed, Road TSW TR10 - 20 Velocidades Tamanho:L - 56;Cor:Vermelho"
23280;Simples/variação;Tr10;"Bicicleta de Speed, Road TSW TR10 - 20 Velocidades Tamanho:M - 54;Cor:Laranja"
21113;Simples/variação;Tr10;"Bicicleta de Speed, Road TSW TR10 - 20 Velocidades Tamanho:M - 54;Cor:Vermelho"
21185;Simples/variação;Tr10;"Bicicleta de Speed, Road TSW TR10 - 20 Velocidades Tamanho:S - 51;Cor:Laranja"
23279;Simples/variação;Tr10;"Bicicleta de Speed, Road TSW TR10 - 20 Velocidades Tamanho:S - 51;Cor:Vermelho"
23282;Simples/variação;Tr10;"Bicicleta de Speed, Road TSW TR10 - 20 Velocidades Tamanho:XL - 58;Cor:Laranja"
23278;Simples/variação;Tr10;"Bicicleta de Speed, Road TSW TR10 - 20 Velocidades Tamanho:XL - 58;Cor:Vermelho"
23276;Simples/variação;Tr30;"Bicicleta de Speed, Road TSW TR30 - 14 Velocidades Cor:Preto;Tamanho:L - 56"
21112;Simples/variação;Tr30;"Bicicleta de Speed, Road TSW TR30 - 14 Velocidades Cor:Preto;Tamanho:M - 54"
23236;Kit;Rush+Bateria;"Bicicleta Elét. Aro 700 Caloi E-Vibe Rush 7v + Bateria Extra Cor:Preto;Tamanho do Quadro:L"
23235;Kit;Rush+Bateria;"Bicicleta Elét. Aro 700 Caloi E-Vibe Rush 7v + Bateria Extra Cor:Preto;Tamanho do Quadro:M"
23234;Kit;Rush+Bateria;"Bicicleta Elét. Aro 700 Caloi E-Vibe Rush 7v + Bateria Extra Cor:Preto;Tamanho do Quadro:S"
23237;Kit;Rush+Bateria;"Bicicleta Elét. Aro 700 Caloi E-Vibe Rush 7v + Bateria Extra Cor:Preto;Tamanho do Quadro:XL"
23240;Kit;Rush+Bateria;"Bicicleta Elét. Aro 700 Caloi E-Vibe Rush 7v + Bateria Extra Cor:Verde;Tamanho do Quadro:L"
23239;Kit;Rush+Bateria;"Bicicleta Elét. Aro 700 Caloi E-Vibe Rush 7v + Bateria Extra Cor:Verde;Tamanho do Quadro:M"
23238;Kit;Rush+Bateria;"Bicicleta Elét. Aro 700 Caloi E-Vibe Rush 7v + Bateria Extra Cor:Verde;Tamanho do Quadro:S"
23241;Kit;Rush+Bateria;"Bicicleta Elét. Aro 700 Caloi E-Vibe Rush 7v + Bateria Extra Cor:Verde;Tamanho do Quadro:XL"
23333;Simples/variação;T-130;"Bicicleta Eletrica 29 Oggi Razzo T-130 Cues 11v 2025 Cor:Prata / Preto;Tamanho do Quadro:L - 19"
21240;Simples/variação;StreetGoS12;Bicicleta Elétrica Aro 20 Oggi StreetGo S12 7v 750WH Cor:Grafite
21241;Simples/variação;StreetGoS12;Bicicleta Elétrica Aro 20 Oggi StreetGo S12 7v 750WH Cor:Preto
23269;Simples/variação;StreetGoS12;Bicicleta Elétrica Aro 20 Oggi StreetGo S12 7v 750WH Cor:Verde
21243;Simples/variação;;Bicicleta Elétrica Aro 20 Oggi StreetGo S14 7v 750WH Preto
21242;Simples/variação;;Bicicleta Elétrica Aro 20 Oggi StreetGo S17 7v 750WH Preto
22172;Simples/variação;E-vibe-Expl;"Bicicleta Elétrica Aro 29 Caloi E-Vibe Explorer 8v 2025 Cor:Cinza;Tamanho do Quadro:M - 17"
22122;Simples/variação;E-vibe-Expl;"Bicicleta Elétrica Aro 29 Caloi E-Vibe Explorer 8v 2025 Cor:Preto;Tamanho do Quadro:L - 19"
22123;Simples/variação;E-vibe-Expl;"Bicicleta Elétrica Aro 29 Caloi E-Vibe Explorer 8v 2025 Cor:Preto;Tamanho do Quadro:M - 17"
22173;Simples/variação;E-vibe-Expl;"Bicicleta Elétrica Aro 29 Caloi E-Vibe Explorer 8v 2025 Cor:Preto;Tamanho do Quadro:P - 15,5"
22121;Simples/variação;E-vibe-Expl;"Bicicleta Elétrica Aro 29 Caloi E-Vibe Explorer 8v 2025 Cor:Verde;Tamanho do Quadro:M - 17"
22174;Simples/variação;E-Vibe2025;"Bicicleta Elétrica Aro 29 Caloi E-Vibe Explorer Suv 10v 2025 Cor:Azul;Tamanho do Quadro:L - 19"
22120;Simples/variação;E-Vibe2025;"Bicicleta Elétrica Aro 29 Caloi E-Vibe Explorer Suv 10v 2025 Cor:Azul;Tamanho do Quadro:M - 17"
22118;Simples/variação;E-Vibe2025;"Bicicleta Elétrica Aro 29 Caloi E-Vibe Explorer Suv 10v 2025 Cor:Cinza;Tamanho do Quadro:L - 19"
22119;Simples/variação;E-Vibe2025;"Bicicleta Elétrica Aro 29 Caloi E-Vibe Explorer Suv 10v 2025 Cor:Cinza;Tamanho do Quadro:M - 17"
18910;Simples/variação;BW_8.3New;"Bicicleta Elétrica Aro 29 Oggi Big Wheel 8.3 Cues 11v Cor:Cinza/Preto/Vermelho;Tamanho:L (19)"
23061;Simples/variação;SportForty;"Bicicleta Elétrica Aro 29 Sense Impact E-Trail Sport Forty-5 Tamanho:L - 19;Cor:Grafite"
21251;Simples/variação;SportForty;"Bicicleta Elétrica Aro 29 Sense Impact E-Trail Sport Forty-5 Tamanho:L - 19;Cor:Preto"
21685;Simples/variação;SportForty;"Bicicleta Elétrica Aro 29 Sense Impact E-Trail Sport Forty-5 Tamanho:M - 17;Cor:Grafite"
23060;Simples/variação;SportForty;"Bicicleta Elétrica Aro 29 Sense Impact E-Trail Sport Forty-5 Tamanho:M - 17;Cor:Preto"
18740;Simples/variação;E-LevelHT-7000;"Bicicleta Elétrica Aro 29 TSW E-Level HT-7000 Deore 12v Tamanho:17;Cor:Preto / Laranja"
22398;Simples/variação;Rush-2026;"Bicicleta Elétrica Aro 700 Caloi E-Vibe Rush 7v 2026 Cor:Preto;Tamanho do Quadro:L"
22358;Simples/variação;Rush-2026;"Bicicleta Elétrica Aro 700 Caloi E-Vibe Rush 7v 2026 Cor:Preto;Tamanho do Quadro:M"
22351;Simples/variação;Rush-2026;"Bicicleta Elétrica Aro 700 Caloi E-Vibe Rush 7v 2026 Cor:Preto;Tamanho do Quadro:S"
22350;Simples/variação;Rush-2026;"Bicicleta Elétrica Aro 700 Caloi E-Vibe Rush 7v 2026 Cor:Preto;Tamanho do Quadro:XL"
22348;Simples/variação;Rush-2026;"Bicicleta Elétrica Aro 700 Caloi E-Vibe Rush 7v 2026 Cor:Verde;Tamanho do Quadro:L"
22347;Simples/variação;Rush-2026;"Bicicleta Elétrica Aro 700 Caloi E-Vibe Rush 7v 2026 Cor:Verde;Tamanho do Quadro:M"
23196;Simples/variação;Lodon_800w;Bicicleta Elétrica Autopropelido London 800w Sem Cnh 48v Cor:Azul
23197;Simples/variação;Lodon_800w;Bicicleta Elétrica Autopropelido London 800w Sem Cnh 48v Cor:Cinza
23198;Simples/variação;Lodon_800w;Bicicleta Elétrica Autopropelido London 800w Sem Cnh 48v Cor:Preto
23202;Simples/variação;Monaco_400w;Bicicleta Elétrica Autopropelido Mônaco 400w Sem Cnh 48v Cor:Cinza
23203;Simples/variação;Monaco_400w;Bicicleta Elétrica Autopropelido Mônaco 400w Sem Cnh 48v Cor:Preto
23204;Simples/variação;Monaco_400w;Bicicleta Elétrica Autopropelido Mônaco 400w Sem Cnh 48v Cor:Vermelho
23199;Simples/variação;Paris_600w;Bicicleta Elétrica Autopropelido Paris 600w Sem Cnh 48v Cor:Branca
23200;Simples/variação;Paris_600w;Bicicleta Elétrica Autopropelido Paris 600w Sem Cnh 48v Cor:Preto
23201;Simples/variação;Paris_600w;Bicicleta Elétrica Autopropelido Paris 600w Sem Cnh 48v Cor:Vermelho
23248;Simples/variação;E-Koa;"Bicicleta Elétrica Duos E-Koa 1000w Bateria De Lítio Cor:Branco;Tamanho do Quadro:Aro 20"
23249;Simples/variação;E-Koa;"Bicicleta Elétrica Duos E-Koa 1000w Bateria De Lítio Cor:Preto;Tamanho do Quadro:Aro 20"
23250;Simples/variação;E-Vok;"Bicicleta Elétrica Duos E-Vok 1000w Bateria De Lítio Cor:Preto;Tamanho do Quadro:Aro 20"
23492;Simples/variação;E-Vok;"Bicicleta Elétrica Duos E-Vok 1000w Bateria De Lítio Cor:Verde;Tamanho do Quadro:Aro 20"
23500;Simples/variação;Rava_E-Chopper;"Bicicleta Elétrica Rava E-Chopper Steel 800w 48v Aro 20 Tamanho do Quadro:Aro 20;Cor:Branco"
23501;Simples/variação;Rava_E-Chopper;"Bicicleta Elétrica Rava E-Chopper Steel 800w 48v Aro 20 Tamanho do Quadro:Aro 20;Cor:Preto"
23499;Simples/variação;Rava_E-Pulse;"Bicicleta Elétrica Rava E-Pulse Alloy 750w 48v Aro 20 Tamanho do Quadro:Aro 20;Cor:Preto"
23303;Simples/variação;;Bicicleta Elétrica Scooter Mova Way 4.0 500w Bateria Lítio
23305;Simples/variação;Way-5.0;Bicicleta Elétrica Scooter Mova Way 5.0 1000w Bateria Lítio Cor:Branca
23304;Simples/variação;Way-5.0;Bicicleta Elétrica Scooter Mova Way 5.0 1000w Bateria Lítio Cor:Verde
23288;Simples/variação;;Bicicleta Ergométrica Spinning Colli Spin Pro Preto
23189;Simples/variação;;Bicicleta Ergométrica Vertical Cycle Fit Colli Residencial
18421;Simples/variação;SenseBalance;"Bicicleta Infantil Aro 12 Sense Grom (balance) Cor:Aqua/Preto;Tamanho do Quadro:Aro 12"
13241;Simples/variação;SenseBalance;"Bicicleta Infantil Aro 12 Sense Grom (balance) Cor:Azul;Tamanho do Quadro:Aro 12"
18422;Simples/variação;SenseBalance;"Bicicleta Infantil Aro 12 Sense Grom (balance) Cor:Creme/Preto;Tamanho do Quadro:Aro 12"
18423;Simples/variação;SenseBalance;"Bicicleta Infantil Aro 12 Sense Grom (balance) Cor:Marrom/Preto;Tamanho do Quadro:Aro 12"
16629;Simples/variação;SenseBalance;"Bicicleta Infantil Aro 12 Sense Grom (balance) Cor:Rosa;Tamanho do Quadro:Aro 12"
23484;Simples/variação;Grom_12_Fun;"Bicicleta Infantil Aro 12 Sense Grom Fun (Balance) Tamanho do Quadro:Aro 12;Cor:Azul"
23485;Simples/variação;Grom_12_Fun;"Bicicleta Infantil Aro 12 Sense Grom Fun (Balance) Tamanho do Quadro:Aro 12;Cor:Creme"
20242;Simples/variação;Bloom16;Bicicleta Infantil Aro 16 Bloom - Houston Cor:Rosa Perola/Roxo
22777;Simples/variação;Ceci-16;Bicicleta Infantil Aro 16 Caloi Ceci C/ Cestinha 2025 Cor:Branca
22776;Simples/variação;Power_Rex-16;Bicicleta Infantil Aro 16 Caloi Power Rex 2025 Cor:Preto
20240;Simples/variação;Houston_Pix;Bicicleta Infantil Aro 16 Pix - Houston Cor:Preto/Vermelho/Azul
21111;Simples/variação;Grom_New;Bicicleta Infantil Aro 16 Sense Grom (New) Cor:Alumínio/Rosa
18426;Simples/variação;Grom_New;Bicicleta Infantil Aro 16 Sense Grom (New) Cor:Aqua/Preto (New)
18424;Simples/variação;Grom_New;Bicicleta Infantil Aro 16 Sense Grom (New) Cor:Creme/Preto
18425;Simples/variação;Grom_New;Bicicleta Infantil Aro 16 Sense Grom (New) Cor:Marrom/Preto
011120;Simples/variação;MLB1908140759;Bicicleta Infantil Aro 20 Athor Freestyle Cor:Verde/Preto
22775;Simples/variação;Ceci-20;Bicicleta Infantil Aro 20 Caloi Ceci C/cestinha V-Brake 2025 Cor:Branca
22772;Simples/variação;Expert-20;Bicicleta Infantil Aro 20 Caloi Expert Freio V-Brake 2025 Cor:Preto
23711;Simples/variação;Ceci-20_2026;"Bicicleta Infantil Aro 20 New Caloi Ceci C/Cestinha 2026 Tamanho Do Quadro:Aro 20;Cor:Branco"
23712;Simples/variação;Ceci-20_2026;"Bicicleta Infantil Aro 20 New Caloi Ceci C/Cestinha 2026 Tamanho Do Quadro:Aro 20;Cor:Preto"
23713;Simples/variação;Expert20-2026;"Bicicleta Infantil Aro 20 New Caloi Expert Freio VBrake 2026 Tamanho Do Quadro:Aro 20;Cor:Azul"
23714;Simples/variação;Expert20-2026;"Bicicleta Infantil Aro 20 New Caloi Expert Freio VBrake 2026 Tamanho Do Quadro:Aro 20;Cor:Vermelho"
006064;Simples/variação;MLB1769685349;Bicicleta Infantil Aro 24 Athor Model Feminina Com Cestão Cor:Rosa
007551;Simples/variação;MLB1769685349;Bicicleta Infantil Aro 24 Athor Model Feminina Com Cestão Cor:Vermelha
006560;Simples/variação;MLB1769685349;Bicicleta Infantil Aro 24 Athor Model Feminina Com Cestão Cor:Violeta
22774;Simples/variação;Ceci-24;Bicicleta Infantil Aro 24 Caloi Ceci 21v V-Brake 2025 Cor:Branca
22773;Simples/variação;24-Max;Bicicleta Infantil Aro 24 Caloi Max 21v Freio V-Brake Cor:Preto
015855;Simples/variação;sensegrom24;Bicicleta Infantil Aro 24 Sense Grom Cor: Cinza/Aqua
013335;Simples/variação;sensegrom24;Bicicleta Infantil Aro 24 Sense Grom Cor:Aqua/Preto
21609;Simples/variação;sensegrom24;"Bicicleta Infantil Aro 24 Sense Grom Cor:Aqua/Preto ""Pneu Pto''"
015344;Simples/variação;sensegrom24;Bicicleta Infantil Aro 24 Sense Grom Cor:Aqua/Rosa
20530;Simples/variação;sensegrom24;Bicicleta Infantil Aro 24 Sense Grom Cor:Creme/Preto
23223;Simples/variação;sensegrom24;Bicicleta Infantil Aro 24 Sense Grom Cor:Marrom/Preto
23488;Simples/variação;Grom_24_FunG2;"Bicicleta Infantil Aro 24 Sense Grom Fun G2 9v Tamanho do Quadro:Aro 24;Cor:Azul Marinho / Dourado"
23487;Simples/variação;Grom_24_FunG2;"Bicicleta Infantil Aro 24 Sense Grom Fun G2 9v Tamanho do Quadro:Aro 24;Cor:Branco / Rosa"
22018;Simples/variação;Atx-Aro16;Bicicleta Infantil Athor ATX Aro 16 Cor:Azul Claro/ Amarelo
22019;Simples/variação;Atx-Aro16;Bicicleta Infantil Athor ATX Aro 16 Cor:Preto/ Verde
22020;Simples/variação;Atx-Aro16;Bicicleta Infantil Athor ATX Aro 16 Cor:Preto/ Vermelho
MLB1692209177_66594766537;Simples/variação;;Bicicleta Infantil Athor Baby Girl Aro 16 - Moderna E Segura
22718;Simples/variação;Baby-Girl;"Bicicleta Infantil Athor Baby Girl Aro 16 Tamanho do quadro:16 "";Cor:Lilás Girafinha"
004460;Simples/variação;Baby-Girl;"Bicicleta Infantil Athor Baby Girl Aro 16 Tamanho do quadro:16 "";Cor:Rosa"
22719;Simples/variação;Baby-Girl;"Bicicleta Infantil Athor Baby Girl Aro 16 Tamanho do quadro:16 "";Cor:Rosa Girafinha"
004498;Simples/variação;Baby-Girl;"Bicicleta Infantil Athor Baby Girl Aro 16 Tamanho do quadro:16 "";Cor:Violeta"
18717;Simples/variação;Bliss;Bicicleta Infantil Athor Bliss Aro 20 Cor:Lilás
18716;Simples/variação;Bliss;Bicicleta Infantil Athor Bliss Aro 20 Cor:Rosa
20993;Simples/variação;Bliss-24;Bicicleta Infantil Athor Bliss Aro 24 c/ Cesta Cor:Lilás
20992;Simples/variação;Bliss-24;Bicicleta Infantil Athor Bliss Aro 24 c/ Cesta Cor:Rosa
22036;Simples/variação;Bliss_16;Bicicleta Infantil Athor Bliss Aro16 Cor:Lilás
6066;Simples/variação;Bliss_16;Bicicleta Infantil Athor Bliss Aro16 Cor:Rosa
21008;Simples/variação;24brave7v;"Bicicleta Infantil Athor Brave TZ Aro 24 7 Velocidades Cor:Azul Escuro;Tamanho:Aro 24"
21007;Simples/variação;24brave7v;"Bicicleta Infantil Athor Brave TZ Aro 24 7 Velocidades Cor:Branco;Tamanho:Aro 24"
19583;Simples/variação;24brave7v;"Bicicleta Infantil Athor Brave TZ Aro 24 7 Velocidades Cor:Grafite;Tamanho:Aro 24"
19584;Simples/variação;24brave7v;"Bicicleta Infantil Athor Brave TZ Aro 24 7 Velocidades Cor:Violeta;Tamanho:Aro 24"
22050;Simples/variação;Charme-6v;"Bicicleta Infantil Athor Charme c/ Marcha 6v Aro 20 Cor:Lilás;Tamanho do Quadro:Aro 20"
18627;Simples/variação;Charme-20;"Bicicleta Infantil Athor Charmy Aro 20 Tamanho do Quadro:20"";Cor:Azul"
20798;Simples/variação;Charme-20;"Bicicleta Infantil Athor Charmy Aro 20 Tamanho do Quadro:20"";Cor:Lilás"
004883;Simples/variação;Charme-20;"Bicicleta Infantil Athor Charmy Aro 20 Tamanho do Quadro:20"";Cor:Rosa"
002375;Simples/variação;Charme-20;"Bicicleta Infantil Athor Charmy Aro 20 Tamanho do Quadro:20"";Cor:Violeta"
22041;Simples/variação;evoazul;"Bicicleta Infantil Athor Evolution Aro 20 Cor:Amarelo Neon Street;Tamanho do Quadro:Aro 20"
17874;Simples/variação;evoazul;"Bicicleta Infantil Athor Evolution Aro 20 Cor:Amarelo Neon;Tamanho do Quadro:Aro 20"
005863;Simples/variação;evoazul;"Bicicleta Infantil Athor Evolution Aro 20 Cor:Azul;Tamanho do Quadro:Aro 20"
18181;Simples/variação;evoazul;"Bicicleta Infantil Athor Evolution Aro 20 Cor:Dark;Tamanho do Quadro:Aro 20"
17873;Simples/variação;evoazul;"Bicicleta Infantil Athor Evolution Aro 20 Cor:Grafite;Tamanho do Quadro:Aro 20"
22042;Simples/variação;evoazul;"Bicicleta Infantil Athor Evolution Aro 20 Cor:Preta Street;Tamanho do Quadro:Aro 20"
005864;Simples/variação;evoazul;"Bicicleta Infantil Athor Evolution Aro 20 Cor:Verde;Tamanho do Quadro:Aro 20"
005865;Simples/variação;evoazul;"Bicicleta Infantil Athor Evolution Aro 20 Cor:Vermelho;Tamanho do Quadro:Aro 20"
22038;Simples/variação;Evolution-6v;Bicicleta Infantil Athor Evolution com Marcha 1x6v Aro 20 Cor:Grafite
22039;Simples/variação;Evolution-6v;Bicicleta Infantil Athor Evolution com Marcha 1x6v Aro 20 Cor:Laranja Neon Street
22040;Simples/variação;Evolution-6v;Bicicleta Infantil Athor Evolution com Marcha 1x6v Aro 20 Cor:Preta Street
22051;Simples/variação;legacy18M;Bicicleta Infantil Athor Legacy Aro 24 - 18 Marchas Cor:Amarelo Neon
015502;Simples/variação;legacy18M;Bicicleta Infantil Athor Legacy Aro 24 - 18 Marchas Cor:Azul
22723;Simples/variação;legacy18M;Bicicleta Infantil Athor Legacy Aro 24 - 18 Marchas Cor:Grafite
22053;Simples/variação;legacy18M;Bicicleta Infantil Athor Legacy Aro 24 - 18 Marchas Cor:Laranja Neon
015503;Simples/variação;legacy18M;Bicicleta Infantil Athor Legacy Aro 24 - 18 Marchas Cor:Verde
015504;Simples/variação;legacy18M;Bicicleta Infantil Athor Legacy Aro 24 - 18 Marchas Cor:Vermelho
22054;Simples/variação;legacy18M;Bicicleta Infantil Athor Legacy Aro 24 Cor:Amarelo Neon
6062;Simples/variação;legacy18M;Bicicleta Infantil Athor Legacy Aro 24 Cor:Azul
22724;Simples/variação;legacy18M;Bicicleta Infantil Athor Legacy Aro 24 Cor:Grafite
22055;Simples/variação;legacy18M;Bicicleta Infantil Athor Legacy Aro 24 Cor:Laranja Neon
6063;Simples/variação;legacy18M;Bicicleta Infantil Athor Legacy Aro 24 Cor:Verde
6635;Simples/variação;legacy18M;Bicicleta Infantil Athor Legacy Aro 24 Cor:Vermelho
17060;Simples/variação;MistAro20;"Bicicleta Infantil Athor Mist Aro 20 Tamanho do Quadro:20"";Cor:Branca"
17875;Simples/variação;MistAro20;"Bicicleta Infantil Athor Mist Aro 20 Tamanho do Quadro:20"";Cor:Rosa"
20226;Simples/variação;Avelar16;"Bicicleta Infantil Avelar Aro 16 Tamanho:Aro 16;Cor:Pink/Rosa"
20228;Simples/variação;Avelar20;"Bicicleta Infantil Avelar Aro 20 Tamanho:Aro 20;Cor:Azul/Vermelho"
20235;Simples/variação;Avelar20;"Bicicleta Infantil Avelar Aro 20 Tamanho:Aro 20;Cor:Pink/Rosa"
20237;Simples/variação;Avelar24;Bicicleta Infantil Avelar Vibe 18m Aro 24 Cor:Azul Mistral
20236;Simples/variação;Avelar24;Bicicleta Infantil Avelar Vibe 18m Aro 24 Cor:Laranja Neon
20238;Simples/variação;Avelar24;Bicicleta Infantil Avelar Vibe 18m Aro 24 Cor:Rosa Chiclete
19514;Simples/variação;Celina0;Bicicleta Infantil Colli Celina Ciça Aro 20 c/Cesta S/Marcha Cor:Azul
019514;Kit;Celina0;Bicicleta Infantil Colli Celina Ciça Aro 20 c/Cesta S/Marcha Cor:Azul
19516;Simples/variação;Celina0;Bicicleta Infantil Colli Celina Ciça Aro 20 c/Cesta S/Marcha Cor:Bege
019516;Kit;Celina0;Bicicleta Infantil Colli Celina Ciça Aro 20 c/Cesta S/Marcha Cor:Bege
19515;Simples/variação;Celina0;Bicicleta Infantil Colli Celina Ciça Aro 20 c/Cesta S/Marcha Cor:Lilás
019515;Kit;Celina0;Bicicleta Infantil Colli Celina Ciça Aro 20 c/Cesta S/Marcha Cor:Lilás
19511;Simples/variação;Cross_Extreme;"Bicicleta Infantil Colli Cross Extreme Aro 20 Sem Marcha Cor:Branco;Tamanho do Quadro:Aro 20"
19509;Simples/variação;Cross_Extreme;"Bicicleta Infantil Colli Cross Extreme Aro 20 Sem Marcha Cor:Preto/Azul;Tamanho do Quadro:Aro 20"
19510;Simples/variação;Cross_Extreme;"Bicicleta Infantil Colli Cross Extreme Aro 20 Sem Marcha Cor:Preto/Verde;Tamanho do Quadro:Aro 20"
22176;Simples/variação;Dublin-20;"Bicicleta Infantil Colli Dublin Sport 7v Aro 20 Freio Disco Cor:Azul;Tamanho do Quadro:Aro 20"
22177;Simples/variação;Dublin-20;"Bicicleta Infantil Colli Dublin Sport 7v Aro 20 Freio Disco Cor:Branco;Tamanho do Quadro:Aro 20"
22178;Simples/variação;Dublin-20;"Bicicleta Infantil Colli Dublin Sport 7v Aro 20 Freio Disco Cor:Laranja;Tamanho do Quadro:Aro 20"
22179;Simples/variação;Dublin-20;"Bicicleta Infantil Colli Dublin Sport 7v Aro 20 Freio Disco Cor:Vermelho;Tamanho do Quadro:Aro 20"
19506;Simples/variação;COLLI_20FULL;"Bicicleta Infantil Colli Gps Dupla Suspensão Full Aro 20 21v Tamanho:Aro 20;Cor:Amarelo"
19508;Simples/variação;COLLI_20FULL;"Bicicleta Infantil Colli Gps Dupla Suspensão Full Aro 20 21v Tamanho:Aro 20;Cor:Azul"
19505;Simples/variação;COLLI_20FULL;"Bicicleta Infantil Colli Gps Dupla Suspensão Full Aro 20 21v Tamanho:Aro 20;Cor:Laranja"
19504;Simples/variação;COLLI_20FULL;"Bicicleta Infantil Colli Gps Dupla Suspensão Full Aro 20 21v Tamanho:Aro 20;Cor:Preto/Laranja"
19507;Simples/variação;COLLI_20FULL;"Bicicleta Infantil Colli Gps Dupla Suspensão Full Aro 20 21v Tamanho:Aro 20;Cor:Verde"
19503;Simples/variação;Jully_20;"Bicicleta Infantil Colli Jully Aro 20 Sem Marcha Tamanho:20;Cor:Azul"
019503;Kit;Jully_20;"Bicicleta Infantil Colli Jully Aro 20 Sem Marcha Tamanho:20;Cor:Azul"
22505;Simples/variação;Jully_20;"Bicicleta Infantil Colli Jully Aro 20 Sem Marcha Tamanho:20;Cor:Bege Retrô"
022505;Kit;Jully_20;"Bicicleta Infantil Colli Jully Aro 20 Sem Marcha Tamanho:20;Cor:Bege Retrô"
19502;Simples/variação;Jully_20;"Bicicleta Infantil Colli Jully Aro 20 Sem Marcha Tamanho:20;Cor:Branco"
019502;Kit;Jully_20;"Bicicleta Infantil Colli Jully Aro 20 Sem Marcha Tamanho:20;Cor:Branco"
19501;Simples/variação;Jully_20;"Bicicleta Infantil Colli Jully Aro 20 Sem Marcha Tamanho:20;Cor:Preto Fosco"
019501;Kit;Jully_20;"Bicicleta Infantil Colli Jully Aro 20 Sem Marcha Tamanho:20;Cor:Preto Fosco"
19500;Simples/variação;Jully_20;"Bicicleta Infantil Colli Jully Aro 20 Sem Marcha Tamanho:20;Cor:Rosa Neon"
019500;Kit;Jully_20;"Bicicleta Infantil Colli Jully Aro 20 Sem Marcha Tamanho:20;Cor:Rosa Neon"
22180;Simples/variação;Napoli-24;"Bicicleta Infantil Colli Napoli Sport 7v Aro 24 Freio Disco Cor:Bege Retrô;Tamanho do Quadro:Aro 24"
23194;Simples/variação;Napoli-24;"Bicicleta Infantil Colli Napoli Sport 7v Aro 24 Freio Disco Cor:Rosa;Tamanho do Quadro:Aro 24"
22181;Simples/variação;Napoli-24;"Bicicleta Infantil Colli Napoli Sport 7v Aro 24 Freio Disco Cor:Verde Militar;Tamanho do Quadro:Aro 24"
22507;Simples/variação;Skill_Boy0;"Bicicleta Infantil Colli Skill Boy Aro 20 Freio a Disco Tamanho:Aro 20;Cor:Amarelo"
022507;Kit;Skill_Boy0;"Bicicleta Infantil Colli Skill Boy Aro 20 Freio a Disco Tamanho:Aro 20;Cor:Amarelo"
19513;Simples/variação;Skill_Boy0;"Bicicleta Infantil Colli Skill Boy Aro 20 Freio a Disco Tamanho:Aro 20;Cor:Azul"
019513;Kit;Skill_Boy0;"Bicicleta Infantil Colli Skill Boy Aro 20 Freio a Disco Tamanho:Aro 20;Cor:Azul"
20295;Simples/variação;Skill_Boy0;"Bicicleta Infantil Colli Skill Boy Aro 20 Freio a Disco Tamanho:Aro 20;Cor:Laranja"
020295;Kit;Skill_Boy0;"Bicicleta Infantil Colli Skill Boy Aro 20 Freio a Disco Tamanho:Aro 20;Cor:Laranja"
19512;Simples/variação;Skill_Boy0;"Bicicleta Infantil Colli Skill Boy Aro 20 Freio a Disco Tamanho:Aro 20;Cor:Preto"
019512;Kit;Skill_Boy0;"Bicicleta Infantil Colli Skill Boy Aro 20 Freio a Disco Tamanho:Aro 20;Cor:Preto"
22506;Simples/variação;Skill_Boy0;"Bicicleta Infantil Colli Skill Boy Aro 20 Freio a Disco Tamanho:Aro 20;Cor:Verde"
022506;Kit;Skill_Boy0;"Bicicleta Infantil Colli Skill Boy Aro 20 Freio a Disco Tamanho:Aro 20;Cor:Verde"
22508;Simples/variação;Triciclo-Colli;"Bicicleta Infantil Colli Triciclo Aro 12 Com Cestinha Cor:Preto;Tamanho do Quadro:Aro 12"
22509;Simples/variação;Triciclo-Colli;"Bicicleta Infantil Colli Triciclo Aro 12 Com Cestinha Cor:Rosa;Tamanho do Quadro:Aro 12"
18395;Simples/variação;Bixi_20;Bicicleta Infantil Houston Bixy Aro 20 Cor:Rosa/Roxo
21479;Simples/variação;Hunch-24;"Bicicleta Infantil Tsw Hunch Acera Aro 24 8v Freio Hidráulic Cor:Branco/Cinza;Tamanho:Aro 24"
21594;Simples/variação;Hunch-24;"Bicicleta Infantil Tsw Hunch Acera Aro 24 8v Freio Hidráulic Cor:Verde/Preto;Tamanho:Aro 24"
17339;Simples/variação;hunchinfantil;"Bicicleta Infantil TSW Hunch Altus 8v Aro 20 Freio Hidr cor:cinza/vermelho;Tamanho do Quadro:Aro 20"
17338;Simples/variação;hunchinfantil;"Bicicleta Infantil TSW Hunch Altus 8v Aro 20 Freio Hidr cor:flamingo;Tamanho do Quadro:Aro 20"
22370;Simples/variação;hunchinfantil;"Bicicleta Infantil TSW Hunch Altus 8v Aro 20 Freio Hidr cor:Preto / Cinza;Tamanho do Quadro:Aro 20"
22369;Simples/variação;hunchinfantil;"Bicicleta Infantil TSW Hunch Altus 8v Aro 20 Freio Hidr cor:Violeta / Preto;Tamanho do Quadro:Aro 20"
22367;Simples/variação;Hunch24-Altus;"Bicicleta Infantil Tsw Hunch Altus Aro 24 8v Freio Hidráulic Cor:Branco / Cinza;Tamanho do Quadro:Aro 24"
22368;Simples/variação;Hunch24-Altus;"Bicicleta Infantil Tsw Hunch Altus Aro 24 8v Freio Hidráulic Cor:Verde / Preto;Tamanho do Quadro:Aro 24"
18475;Simples/variação;H_Zum;Bicicleta Juvenil Aro 20 Houston Zum Cor:Inox/Preto
18476;Simples/variação;H_Zum;Bicicleta Juvenil Aro 20 Houston Zum Cor:Verde/Preto
23221;Simples/variação;ADX-90;"Bicicleta Mtb 29 Audax Adx 90 18v Shimano Cor:Verde / Inox;Tamanho do Quadro:L - 19"
23220;Simples/variação;ADX-90;"Bicicleta Mtb 29 Audax Adx 90 18v Shimano Cor:Verde / Inox;Tamanho do Quadro:M - 17"
23142;Simples/variação;ADX-90;"Bicicleta Mtb 29 Audax Adx 90 18v Shimano Cor:Verde / Inox;Tamanho do Quadro:S - 15,5"
23222;Simples/variação;ADX-90;"Bicicleta Mtb 29 Audax Adx 90 18v Shimano Cor:Verde / Inox;Tamanho do Quadro:XL - 21"
23154;Simples/variação;Comp-2026;"Bicicleta Mtb 29 Caloi Comp 24v 2026 Cor:Azul;Tamanho do Quadro:L - 19"
23153;Simples/variação;Comp-2026;"Bicicleta Mtb 29 Caloi Comp 24v 2026 Cor:Azul;Tamanho do Quadro:M - 17"
23152;Simples/variação;Comp-2026;"Bicicleta Mtb 29 Caloi Comp 24v 2026 Cor:Azul;Tamanho do Quadro:S - 15,5"
23096;Simples/variação;Comp-2026;"Bicicleta Mtb 29 Caloi Comp 24v 2026 Cor:Cinza;Tamanho do Quadro:L - 19"
23101;Simples/variação;Comp-2026;"Bicicleta Mtb 29 Caloi Comp 24v 2026 Cor:Cinza;Tamanho do Quadro:M - 17"
23100;Simples/variação;Comp-2026;"Bicicleta Mtb 29 Caloi Comp 24v 2026 Cor:Cinza;Tamanho do Quadro:S - 15,5"
23099;Simples/variação;Comp-2026;"Bicicleta Mtb 29 Caloi Comp 24v 2026 Cor:Preto;Tamanho do Quadro:L - 19"
23098;Simples/variação;Comp-2026;"Bicicleta Mtb 29 Caloi Comp 24v 2026 Cor:Preto;Tamanho do Quadro:M - 17"
23097;Simples/variação;Comp-2026;"Bicicleta Mtb 29 Caloi Comp 24v 2026 Cor:Preto;Tamanho do Quadro:S - 15,5"
23124;Simples/variação;Racing-Full Di2 2026;"Bicicleta Mtb 29 Caloi Elite Carbon FS Racing Full Di2 2026 Cor:Champagne;Tamanho do Quadro:L - 19"
23123;Simples/variação;Racing-Full Di2 2026;"Bicicleta Mtb 29 Caloi Elite Carbon FS Racing Full Di2 2026 Cor:Champagne;Tamanho do Quadro:M - 17"
23122;Simples/variação;Racing-Full Di2 2026;"Bicicleta Mtb 29 Caloi Elite Carbon FS Racing Full Di2 2026 Cor:Champagne;Tamanho do Quadro:S - 15,5"
23125;Simples/variação;Racing-Full Di2 2026;"Bicicleta Mtb 29 Caloi Elite Carbon FS Racing Full Di2 2026 Cor:Champagne;Tamanho do Quadro:XL - 21"
21036;Simples/variação;Carbon_FS-Sport;"Bicicleta Mtb 29 Caloi Elite Carbon Fs Sport 12v 2024 Cor:Azul;Tamanho do Quadro:M - 17"
22182;Simples/variação;Carbon_FS-Sport;"Bicicleta Mtb 29 Caloi Elite Carbon Fs Sport 12v 2024 Cor:Branco;Tamanho do Quadro:L - 19"
22107;Simples/variação;Carbon_FS-Sport;"Bicicleta Mtb 29 Caloi Elite Carbon Fs Sport 12v 2024 Cor:Branco;Tamanho do Quadro:XL - 21"
23128;Simples/variação;HT-Racing26;"Bicicleta Mtb 29 Caloi Elite Carbon HT Racing Di2 12v 2026 Cor:Preto / Dourado;Tamanho do Quadro:L - 19"
23127;Simples/variação;HT-Racing26;"Bicicleta Mtb 29 Caloi Elite Carbon HT Racing Di2 12v 2026 Cor:Preto / Dourado;Tamanho do Quadro:M - 17"
23126;Simples/variação;HT-Racing26;"Bicicleta Mtb 29 Caloi Elite Carbon HT Racing Di2 12v 2026 Cor:Preto / Dourado;Tamanho do Quadro:S - 15,5"
23129;Simples/variação;HT-Racing26;"Bicicleta Mtb 29 Caloi Elite Carbon HT Racing Di2 12v 2026 Cor:Preto / Dourado;Tamanho do Quadro:XL - 21"
23120;Simples/variação;HT-Sport26;"Bicicleta Mtb 29 Caloi Elite Carbon HT Sport 12v Deore 2026 Cor:Preto;Tamanho do Quadro:L - 19"
23119;Simples/variação;HT-Sport26;"Bicicleta Mtb 29 Caloi Elite Carbon HT Sport 12v Deore 2026 Cor:Preto;Tamanho do Quadro:M - 17"
23118;Simples/variação;HT-Sport26;"Bicicleta Mtb 29 Caloi Elite Carbon HT Sport 12v Deore 2026 Cor:Preto;Tamanho do Quadro:S - 15,5"
23121;Simples/variação;HT-Sport26;"Bicicleta Mtb 29 Caloi Elite Carbon HT Sport 12v Deore 2026 Cor:Preto;Tamanho do Quadro:XL - 21"
23116;Simples/variação;HT-Sport26;"Bicicleta Mtb 29 Caloi Elite Carbon HT Sport 12v Deore 2026 Cor:Vermelho;Tamanho do Quadro:L - 19"
23115;Simples/variação;HT-Sport26;"Bicicleta Mtb 29 Caloi Elite Carbon HT Sport 12v Deore 2026 Cor:Vermelho;Tamanho do Quadro:M - 17"
23114;Simples/variação;HT-Sport26;"Bicicleta Mtb 29 Caloi Elite Carbon HT Sport 12v Deore 2026 Cor:Vermelho;Tamanho do Quadro:S - 15,5"
23117;Simples/variação;HT-Sport26;"Bicicleta Mtb 29 Caloi Elite Carbon HT Sport 12v Deore 2026 Cor:Vermelho;Tamanho do Quadro:XL - 21"
22168;Simples/variação;Carbon_Sport;"Bicicleta Mtb 29 Caloi Elite Carbon Sport 12v 2025 Cor:Preto;Tamanho do Quadro:M - 17"
22169;Simples/variação;Carbon_Sport;"Bicicleta Mtb 29 Caloi Elite Carbon Sport 12v 2025 Cor:Vermelho;Tamanho do Quadro:L - 19"
22170;Simples/variação;Carbon_Sport;"Bicicleta Mtb 29 Caloi Elite Carbon Sport 12v 2025 Cor:Vermelho;Tamanho do Quadro:M - 17"
22159;Simples/variação;Explorer_Evo-sl;"Bicicleta Mtb 29 Caloi Explorer Evo SL 12v 2025 Cor:Preto;Tamanho do Quadro:L - 19"
22158;Simples/variação;Explorer_Evo-sl;"Bicicleta Mtb 29 Caloi Explorer Evo SL 12v 2025 Cor:Preto;Tamanho do Quadro:M - 17"
22161;Simples/variação;Explorer_Evo-sl;"Bicicleta Mtb 29 Caloi Explorer Evo SL 12v 2025 Cor:Preto;Tamanho do Quadro:S - 15,5"
22160;Simples/variação;Explorer_Evo-sl;"Bicicleta Mtb 29 Caloi Explorer Evo SL 12v 2025 Cor:Preto;Tamanho do Quadro:XL - 21"
22163;Simples/variação;Explorer_Evo-sl;"Bicicleta Mtb 29 Caloi Explorer Evo SL 12v 2025 Cor:Vermelho;Tamanho do Quadro:L - 19"
22162;Simples/variação;Explorer_Evo-sl;"Bicicleta Mtb 29 Caloi Explorer Evo SL 12v 2025 Cor:Vermelho;Tamanho do Quadro:M - 17"
22164;Simples/variação;Expl-Sport24;"Bicicleta Mtb 29 Caloi Explorer Sport 16v Cor:Preto;Tamanho do Quadro:M - 17"
22342;Simples/variação;Expl-Sport2026;"Bicicleta Mtb 29 Caloi Explorer Sport 9v 2026 Cor:Azul;Tamanho do Quadro:L - 19"
22341;Simples/variação;Expl-Sport2026;"Bicicleta Mtb 29 Caloi Explorer Sport 9v 2026 Cor:Azul;Tamanho do Quadro:M - 17"
22496;Simples/variação;Expl-Sport2026;"Bicicleta Mtb 29 Caloi Explorer Sport 9v 2026 Cor:Azul;Tamanho do Quadro:S - 15,5"
22284;Simples/variação;Expl-Sport2026;"Bicicleta Mtb 29 Caloi Explorer Sport 9v 2026 Cor:Preto / Amarelo;Tamanho do Quadro:L - 19"
22282;Simples/variação;Expl-Sport2026;"Bicicleta Mtb 29 Caloi Explorer Sport 9v 2026 Cor:Preto / Amarelo;Tamanho do Quadro:M - 17"
22281;Simples/variação;Expl-Sport2026;"Bicicleta Mtb 29 Caloi Explorer Sport 9v 2026 Cor:Preto / Amarelo;Tamanho do Quadro:S - 15,5"
22285;Simples/variação;Expl-Sport2026;"Bicicleta Mtb 29 Caloi Explorer Sport 9v 2026 Cor:Preto / Amarelo;Tamanho do Quadro:XL - 21"
22283;Simples/variação;Expl-Sport2026;"Bicicleta Mtb 29 Caloi Explorer Sport 9v 2026 Cor:Preto / Rose;Tamanho do Quadro:L - 19"
22286;Simples/variação;Expl-Sport2026;"Bicicleta Mtb 29 Caloi Explorer Sport 9v 2026 Cor:Preto / Rose;Tamanho do Quadro:M - 17"
22457;Simples/variação;Expl-Sport2026;"Bicicleta Mtb 29 Caloi Explorer Sport 9v 2026 Cor:Preto / Rose;Tamanho do Quadro:S - 15,5"
23089;Simples/variação;Sport-26;"Bicicleta Mtb 29 Caloi Sport 21v 2026 Cor:Cinza;Tamanho do Quadro:L - 19"
23088;Simples/variação;Sport-26;"Bicicleta Mtb 29 Caloi Sport 21v 2026 Cor:Cinza;Tamanho do Quadro:M - 17"
23087;Simples/variação;Sport-26;"Bicicleta Mtb 29 Caloi Sport 21v 2026 Cor:Cinza;Tamanho do Quadro:S - 15,5"
23092;Simples/variação;Sport-26;"Bicicleta Mtb 29 Caloi Sport 21v 2026 Cor:Preto;Tamanho do Quadro:L - 19"
23091;Simples/variação;Sport-26;"Bicicleta Mtb 29 Caloi Sport 21v 2026 Cor:Preto;Tamanho do Quadro:M - 17"
23090;Simples/variação;Sport-26;"Bicicleta Mtb 29 Caloi Sport 21v 2026 Cor:Preto;Tamanho do Quadro:S - 15,5"
23095;Simples/variação;Sport-26;"Bicicleta Mtb 29 Caloi Sport 21v 2026 Cor:Vermelho;Tamanho do Quadro:L - 19"
23094;Simples/variação;Sport-26;"Bicicleta Mtb 29 Caloi Sport 21v 2026 Cor:Vermelho;Tamanho do Quadro:M - 17"
23093;Simples/variação;Sport-26;"Bicicleta Mtb 29 Caloi Sport 21v 2026 Cor:Vermelho;Tamanho do Quadro:S - 15,5"
22288;Simples/variação;Expert-SL2026;"Bicicleta Mtb Aro 29 Caloi Explorer Expert SL 11v 2026 Cor:Cinza;Tamanho do Quadro:L - 19"
22289;Simples/variação;Expert-SL2026;"Bicicleta Mtb Aro 29 Caloi Explorer Expert SL 11v 2026 Cor:Cinza;Tamanho do Quadro:M - 17"
22287;Simples/variação;Expert-SL2026;"Bicicleta Mtb Aro 29 Caloi Explorer Expert SL 11v 2026 Cor:Cinza;Tamanho do Quadro:S - 15,5"
22290;Simples/variação;Expert-SL2026;"Bicicleta Mtb Aro 29 Caloi Explorer Expert SL 11v 2026 Cor:Preto;Tamanho do Quadro:L - 19"
22345;Simples/variação;Expert-SL2026;"Bicicleta Mtb Aro 29 Caloi Explorer Expert SL 11v 2026 Cor:Preto;Tamanho do Quadro:M - 17"
22343;Simples/variação;Expert-SL2026;"Bicicleta Mtb Aro 29 Caloi Explorer Expert SL 11v 2026 Cor:Preto;Tamanho do Quadro:S - 15,5"
22810;Simples/variação;Expert-SL2026;"Bicicleta Mtb Aro 29 Caloi Explorer Expert SL 11v 2026 Cor:Preto;Tamanho do Quadro:XL - 21"
22346;Simples/variação;Expert-SL2026;"Bicicleta Mtb Aro 29 Caloi Explorer Expert SL 11v 2026 Cor:Preto;Tamanho do Quadro:XS - 13,5"
22470;Simples/variação;Caloi-SMU;"Bicicleta Mtb Aro 29 Caloi SMU 21v Kit Shimano/ Freio Hid. Cor:Preto;Tamanho do Quadro:L - 19"
22458;Simples/variação;Caloi-SMU;"Bicicleta Mtb Aro 29 Caloi SMU 21v Kit Shimano/ Freio Hid. Cor:Preto;Tamanho do Quadro:M - 17"
22460;Simples/variação;Caloi-SMU;"Bicicleta Mtb Aro 29 Caloi SMU 21v Kit Shimano/ Freio Hid. Cor:Preto;Tamanho do Quadro:S - 15,5"
22459;Simples/variação;Caloi-SMU;"Bicicleta Mtb Aro 29 Caloi SMU 21v Kit Shimano/ Freio Hid. Cor:Vermelho;Tamanho do Quadro:S - 15,5"
23057;Simples/variação;Invictus_Sport;"Bicicleta MTB Aro 29 Invictus Sport 11v Shimano Cues Cor:Azul / Prata;Tamanho do quadro:15.5"
23058;Simples/variação;Invictus_Sport;"Bicicleta MTB Aro 29 Invictus Sport 11v Shimano Cues Cor:Azul / Prata;Tamanho do quadro:17"
23059;Simples/variação;Invictus_Sport;"Bicicleta MTB Aro 29 Invictus Sport 11v Shimano Cues Cor:Azul / Prata;Tamanho do quadro:19"
23047;Simples/variação;Impact_ALPro;"Bicicleta MTB Aro 29 Sense Impact AL Pro 11v Shimano Cues Cor:Azul / Cinza;Tamanho do quadro:15.5"
23048;Simples/variação;Impact_ALPro;"Bicicleta MTB Aro 29 Sense Impact AL Pro 11v Shimano Cues Cor:Azul / Cinza;Tamanho do quadro:17"
23051;Simples/variação;Impact_ALPro;"Bicicleta MTB Aro 29 Sense Impact AL Pro 11v Shimano Cues Cor:Azul / Cinza;Tamanho do quadro:19"
23052;Simples/variação;Impact_ALPro;"Bicicleta MTB Aro 29 Sense Impact AL Pro 11v Shimano Cues Cor:Azul / Cinza;Tamanho do quadro:21"
23049;Simples/variação;Impact_ALPro;"Bicicleta MTB Aro 29 Sense Impact AL Pro 11v Shimano Cues Cor:Branco / Azul;Tamanho do quadro:15.5"
23050;Simples/variação;Impact_ALPro;"Bicicleta MTB Aro 29 Sense Impact AL Pro 11v Shimano Cues Cor:Branco / Azul;Tamanho do quadro:17"
23053;Simples/variação;Impact_ALPro;"Bicicleta MTB Aro 29 Sense Impact AL Pro 11v Shimano Cues Cor:Branco / Azul;Tamanho do quadro:19"
23054;Simples/variação;Impact_ALPro;"Bicicleta MTB Aro 29 Sense Impact AL Pro 11v Shimano Cues Cor:Branco / Azul;Tamanho do quadro:21"
23055;Simples/variação;Impact_CarbonSport;"Bicicleta MTB Aro 29 Sense Impact Carbon Sport 11v Sh. Cues Cor:Azul / Prata;Tamanho do quadro:15.5"
23056;Simples/variação;Impact_CarbonSport;"Bicicleta MTB Aro 29 Sense Impact Carbon Sport 11v Sh. Cues Cor:Azul / Prata;Tamanho do quadro:17"
20997;Simples/variação;React_Comp;"Bicicleta Mtb Aro 29 Sense React Comp 11v Cor:Aqua/Prata;Tamanho:L - 19"
20996;Simples/variação;React_Comp;"Bicicleta Mtb Aro 29 Sense React Comp 11v Cor:Aqua/Prata;Tamanho:M - 17"
21591;Simples/variação;React_Comp;"Bicicleta Mtb Aro 29 Sense React Comp 11v Cor:Aqua/Prata;Tamanho:S - 15.5"
21000;Simples/variação;React_Comp;"Bicicleta Mtb Aro 29 Sense React Comp 11v Cor:Aqua/Prata;Tamanho:XL - 21"
20998;Simples/variação;React_Comp;"Bicicleta Mtb Aro 29 Sense React Comp 11v Cor:Azul Marinho/Prata;Tamanho:L - 19"
20995;Simples/variação;React_Comp;"Bicicleta Mtb Aro 29 Sense React Comp 11v Cor:Azul Marinho/Prata;Tamanho:M - 17"
21589;Simples/variação;React_Comp;"Bicicleta Mtb Aro 29 Sense React Comp 11v Cor:Azul Marinho/Prata;Tamanho:S - 15.5"
20999;Simples/variação;React_Comp;"Bicicleta Mtb Aro 29 Sense React Comp 11v Cor:Azul Marinho/Prata;Tamanho:XL - 21"
23226;Simples/variação;React_Comp;"Bicicleta Mtb Aro 29 Sense React Comp 11v Cor:Cinza/Azul;Tamanho:L - 19"
23225;Simples/variação;React_Comp;"Bicicleta Mtb Aro 29 Sense React Comp 11v Cor:Cinza/Azul;Tamanho:M - 17"
23224;Simples/variação;React_Comp;"Bicicleta Mtb Aro 29 Sense React Comp 11v Cor:Cinza/Azul;Tamanho:S - 15.5"
23227;Simples/variação;React_Comp;"Bicicleta Mtb Aro 29 Sense React Comp 11v Cor:Cinza/Azul;Tamanho:XL - 21"
23336;Simples/variação;React_CompV2;"Bicicleta Mtb Aro 29 Sense React Comp 11v V2 2026 Cor:Branco / Azul;Tamanho do Quadro:XL - 21"
21001;Simples/variação;React_Pro;"Bicicleta Mtb Aro 29 Sense React Pro 18v Cor:Marrom/Azul;Tamanho:L - 19"
21249;Simples/variação;React_Pro;"Bicicleta Mtb Aro 29 Sense React Pro 18v Cor:Marrom/Azul;Tamanho:M-17"
21250;Simples/variação;React_Pro;"Bicicleta Mtb Aro 29 Sense React Pro 18v Cor:Marrom/Azul;Tamanho:S-15.5"
21683;Simples/variação;React_Pro;"Bicicleta Mtb Aro 29 Sense React Pro 18v Cor:Marrom/Azul;Tamanho:XL - 21"
22781;Simples/variação;React_Pro;"Bicicleta Mtb Aro 29 Sense React Pro 18v Cor:Prata/Azul;Tamanho:L - 19"
21599;Simples/variação;React_Pro;"Bicicleta Mtb Aro 29 Sense React Pro 18v Cor:Prata/Azul;Tamanho:M-17"
22780;Simples/variação;React_Pro;"Bicicleta Mtb Aro 29 Sense React Pro 18v Cor:Prata/Azul;Tamanho:S-15.5"
21002;Simples/variação;React_Pro;"Bicicleta Mtb Aro 29 Sense React Pro 18v Cor:Prata/Azul;Tamanho:XL - 21"
23541;Simples/variação;ReactPro_V2;"Bicicleta Mtb Aro 29 Sense React Pro Cues V2 18v Cor:Azul Marinho / Cinza;Tamanho do Quadro:L - 19"
23540;Simples/variação;ReactPro_V2;"Bicicleta Mtb Aro 29 Sense React Pro Cues V2 18v Cor:Azul Marinho / Cinza;Tamanho do Quadro:M - 17"
23539;Simples/variação;ReactPro_V2;"Bicicleta Mtb Aro 29 Sense React Pro Cues V2 18v Cor:Azul Marinho / Cinza;Tamanho do Quadro:S - 15,5"
23542;Simples/variação;ReactPro_V2;"Bicicleta Mtb Aro 29 Sense React Pro Cues V2 18v Cor:Azul Marinho / Cinza;Tamanho do Quadro:XL - 21"
23545;Simples/variação;ReactPro_V2;"Bicicleta Mtb Aro 29 Sense React Pro Cues V2 18v Cor:Vermelho Escuro / Laranja;Tamanho do Quadro:L - 19"
23544;Simples/variação;ReactPro_V2;"Bicicleta Mtb Aro 29 Sense React Pro Cues V2 18v Cor:Vermelho Escuro / Laranja;Tamanho do Quadro:M - 17"
23543;Simples/variação;ReactPro_V2;"Bicicleta Mtb Aro 29 Sense React Pro Cues V2 18v Cor:Vermelho Escuro / Laranja;Tamanho do Quadro:S - 15,5"
013280;Simples/variação;GromAro20;Bicicleta MTB Infantil Sense Grom Aro 20 Shimano 8v Cor:Aqua/Preto
015820;Simples/variação;GromAro20;Bicicleta MTB Infantil Sense Grom Aro 20 Shimano 8v Cor:Aqua/Rosa
22716;Simples/variação;GromAro20;Bicicleta MTB Infantil Sense Grom Aro 20 Shimano 8v Cor:Branco / Rosa
013334;Simples/variação;GromAro20;Bicicleta MTB Infantil Sense Grom Aro 20 Shimano 8v Cor:Cinza/Aqua
19580;Simples/variação;GromAro20;Bicicleta MTB Infantil Sense Grom Aro 20 Shimano 8v Cor:Creme/Preto
23283;Simples/variação;GromAro20;"Bicicleta MTB Infantil Sense Grom Aro 20 Shimano 8v Cor:Creme/Preto ""Pneu CRM"""
23486;Simples/variação;GromAro20;Bicicleta MTB Infantil Sense Grom Aro 20 Shimano 8v Cor:Marrom / Pneu Creme
19581;Simples/variação;GromAro20;Bicicleta MTB Infantil Sense Grom Aro 20 Shimano 8v Cor:Marrom/Preto
21195;Simples/variação;React;"Bicicleta Mtb Sense React Sport 16v Cor:Branco/Azul;Tamanho do Quadro:L - 19"
20752;Simples/variação;React;"Bicicleta Mtb Sense React Sport 16v Cor:Branco/Azul;Tamanho do Quadro:M - 17"
21189;Simples/variação;React;"Bicicleta Mtb Sense React Sport 16v Cor:Branco/Azul;Tamanho do Quadro:S - 15.5"
22268;Simples/variação;React;"Bicicleta Mtb Sense React Sport 16v Cor:Branco/Azul;Tamanho do Quadro:XL - 21"
21194;Simples/variação;React;"Bicicleta Mtb Sense React Sport 16v Cor:Grafite/Cinza;Tamanho do Quadro:L - 19"
21248;Simples/variação;React;"Bicicleta Mtb Sense React Sport 16v Cor:Grafite/Cinza;Tamanho do Quadro:M - 17"
21188;Simples/variação;React;"Bicicleta Mtb Sense React Sport 16v Cor:Grafite/Cinza;Tamanho do Quadro:S - 15.5"
23356;Simples/variação;React_Sport26;"Bicicleta Mtb Sense React Sport 16v V2 2026 Cor:Branco / Vermelho;Tamanho do Quadro:XL - 21"
22086;Simples/variação;Evo_QuestRacingTeam;"Bicicleta Mtb TSW Evo Quest Racing Team XT - XTR 12v Aro 29 Cor:Laranja / Preto;Tamanho do Quadro:M - 17"
22085;Simples/variação;Evo_QuestRacingTeam;"Bicicleta Mtb TSW Evo Quest Racing Team XT - XTR 12v Aro 29 Cor:Laranja / Preto;Tamanho do Quadro:S - 15,5"
22089;Simples/variação;Full_Quest-Xt-Xtr;"Bicicleta Mtb TSW Full Quest Racing Team XT - XTR 12v Aro 29 Cor:Laranja / Preto;Tamanho do Quadro:M - 17"
22088;Simples/variação;Full_Quest-Xt-Xtr;"Bicicleta Mtb TSW Full Quest Racing Team XT - XTR 12v Aro 29 Cor:Laranja / Preto;Tamanho do Quadro:S - 15,5"
23548;Simples/variação;Enduravox_Evo;"Bicicleta Road Speed Sense / Swift Enduravox Gr Evo Cor:Marrom / Dourado;Tamanho do Quadro:L - 54 cm"
23547;Simples/variação;Enduravox_Evo;"Bicicleta Road Speed Sense / Swift Enduravox Gr Evo Cor:Marrom / Dourado;Tamanho do Quadro:M - 51 cm"
23546;Simples/variação;Enduravox_Evo;"Bicicleta Road Speed Sense / Swift Enduravox Gr Evo Cor:Marrom / Dourado;Tamanho do Quadro:S - 48 cm"
23046;Simples/variação;Yoo_Y200-350w;Bicicleta Scooter Elétrica Aro 14 Yoo Y200 350w Cor:Preto / Vermelho
23431;Simples/variação;;Bicicleta Scooter Elétrica Xplore 48v/ 12ah 500w Sem Cnh
23313;Simples/variação;X-Plore_Evo;Bicicleta Scooter Elétrica Xplore Evo 60v 20ah 1000w Cor:Cinza
23004;Simples/variação;;Bicicleta Scooter Elétrica Xplore Evo 60v 20ah 1000w Preto
20954;Simples/variação;Sense-Hardplay;"Bicicleta Sense Hardplay Aro 27.5 Shimano Cues 10v Cor:Azul;Tamanho:S"
20955;Simples/variação;Sense-Hardplay;"Bicicleta Sense Hardplay Aro 27.5 Shimano Cues 10v Cor:Azul;Tamanho:XS"
20956;Simples/variação;Sense-Hardplay;"Bicicleta Sense Hardplay Aro 27.5 Shimano Cues 10v Cor:Branco;Tamanho:S"
20957;Simples/variação;Sense-Hardplay;"Bicicleta Sense Hardplay Aro 27.5 Shimano Cues 10v Cor:Branco;Tamanho:XS"
23490;Simples/variação;HardPlay_2026;"Bicicleta Sense Hardplay Aro 27.5 Shimano Cues 11v 2026 Cor:Creme / Verde;Tamanho do Quadro:S - 15,5"
23491;Simples/variação;HardPlay_2026;"Bicicleta Sense Hardplay Aro 27.5 Shimano Cues 11v 2026 Cor:Creme / Verde;Tamanho do Quadro:XS - 13,5"
23364;Simples/variação;HardPlay_2026;"Bicicleta Sense Hardplay Aro 27.5 Shimano Cues 11v 2026 Cor:Vermelho / Laranja;Tamanho do Quadro:S - 15,5"
23489;Simples/variação;HardPlay_2026;"Bicicleta Sense Hardplay Aro 27.5 Shimano Cues 11v 2026 Cor:Vermelho / Laranja;Tamanho do Quadro:XS - 13,5"
018900;Simples/variação;Sense_Versa;"Bicicleta Sense Versa 18v Cor:Azul/Prata;Tamanho:L (55)"
018901;Simples/variação;Sense_Versa;"Bicicleta Sense Versa 18v Cor:Azul/Prata;Tamanho:M (52)"
23063;Simples/variação;Sense_Versa;"Bicicleta Sense Versa 18v Cor:Azul/Prata;Tamanho:XL (58)"
018902;Simples/variação;Sense_Versa;"Bicicleta Sense Versa 18v Cor:Marrom/Dourado;Tamanho:L (55)"
018903;Simples/variação;Sense_Versa;"Bicicleta Sense Versa 18v Cor:Marrom/Dourado;Tamanho:M (52)"
20796;Simples/variação;Sense_Versa;"Bicicleta Sense Versa 18v Cor:Marrom/Dourado;Tamanho:S (49)"
21843;Simples/variação;Sense_Versa;"Bicicleta Sense Versa 18v Cor:Marrom/Dourado;Tamanho:XL (58)"
22697;Simples/variação;Hunch-16v;"Bicicleta Tsw Hunch 16v Suntour Mtb Aro 29 Cor:Azul;Tamanho do Quadro:M - 17"
22695;Simples/variação;Hunch-16v;"Bicicleta Tsw Hunch 16v Suntour Mtb Aro 29 Cor:Azul;Tamanho do Quadro:S - 15,5"
22696;Simples/variação;Hunch-16v;"Bicicleta Tsw Hunch 16v Suntour Mtb Aro 29 Cor:Laranja;Tamanho do Quadro:M - 17"
22694;Simples/variação;Hunch-16v;"Bicicleta Tsw Hunch 16v Suntour Mtb Aro 29 Cor:Laranja;Tamanho do Quadro:S - 15,5"
22690;Simples/variação;Hunch_24v;"Bicicleta TSW Hunch 24v Aro 29 Freio Hid. Shimano Cor:Vermelho / Cinza;Tamanho do Quadro:L - 19"
22689;Simples/variação;Hunch_24v;"Bicicleta TSW Hunch 24v Aro 29 Freio Hid. Shimano Cor:Vermelho / Cinza;Tamanho do Quadro:M - 17"
22693;Simples/variação;Tsw-Ride;"Bicicleta TSW Ride 21v Aro 29 Freio Hidráulico Cor:Prata / Azul;Tamanho do Quadro:M - 17"
22691;Simples/variação;Tsw-Ride;"Bicicleta TSW Ride 21v Aro 29 Freio Hidráulico Cor:Prata / Azul;Tamanho do Quadro:S - 15,5"
22692;Simples/variação;Tsw-Ride;"Bicicleta TSW Ride 21v Aro 29 Freio Hidráulico Cor:Vermelho / Azul;Tamanho do Quadro:M - 17"
22703;Simples/variação;Stamina-Cues;"Bicicleta Tsw Stamina Boost 9v Cues SR Mtb Aro 29 Cor:Cinza / Azul;Tamanho do Quadro:L - 19"
22701;Simples/variação;Stamina-Cues;"Bicicleta Tsw Stamina Boost 9v Cues SR Mtb Aro 29 Cor:Cinza / Azul;Tamanho do Quadro:M - 17"
22699;Simples/variação;Stamina-Cues;"Bicicleta Tsw Stamina Boost 9v Cues SR Mtb Aro 29 Cor:Cinza / Azul;Tamanho do Quadro:S - 15,5"
22702;Simples/variação;Stamina-Cues;"Bicicleta Tsw Stamina Boost 9v Cues SR Mtb Aro 29 Cor:Cinza / Vermelho;Tamanho do Quadro:L - 19"
22700;Simples/variação;Stamina-Cues;"Bicicleta Tsw Stamina Boost 9v Cues SR Mtb Aro 29 Cor:Cinza / Vermelho;Tamanho do Quadro:M - 17"
22698;Simples/variação;Stamina-Cues;"Bicicleta Tsw Stamina Boost 9v Cues SR Mtb Aro 29 Cor:Cinza / Vermelho;Tamanho do Quadro:S - 15,5"
22704;Simples/variação;Stamina-Cues;"Bicicleta Tsw Stamina Boost 9v Cues SR Mtb Aro 29 Cor:Cinza / Vermelho;Tamanho do Quadro:XL - 21"
23175;Simples/variação;Yukon_RS;"Bicicleta Tsw Yukon Deore Rock Shox 12v Mtb Aro 29 Cor:Branco/Preto/Laranja;Tamanho do Quadro:L - 19"
23174;Simples/variação;Yukon_RS;"Bicicleta Tsw Yukon Deore Rock Shox 12v Mtb Aro 29 Cor:Branco/Preto/Laranja;Tamanho do Quadro:M - 17"
23734;Simples/variação;Yukon_RS;"Bicicleta Tsw Yukon Deore Rock Shox 12v Mtb Aro 29 Cor:Cinza/Preto;Tamanho do Quadro:L - 19"
23682;Simples/variação;Yukon_RS;"Bicicleta Tsw Yukon Deore Rock Shox 12v Mtb Aro 29 Cor:Cinza/Preto;Tamanho do Quadro:M - 17"
23732;Simples/variação;Yukon_RS;"Bicicleta Tsw Yukon Deore Rock Shox 12v Mtb Aro 29 Cor:Cinza/Preto;Tamanho do Quadro:S - 15,5"
23676;Simples/variação;Yukon_RS;"Bicicleta Tsw Yukon Deore Rock Shox 12v Mtb Aro 29 Cor:Cinza/Preto;Tamanho do Quadro:XL - 21"
23177;Simples/variação;Yukon_RS;"Bicicleta Tsw Yukon Deore Rock Shox 12v Mtb Aro 29 Cor:Laranja;Tamanho do Quadro:L - 19"
23176;Simples/variação;Yukon_RS;"Bicicleta Tsw Yukon Deore Rock Shox 12v Mtb Aro 29 Cor:Laranja;Tamanho do Quadro:M - 17"
23179;Simples/variação;Yukon_RS;"Bicicleta Tsw Yukon Deore Rock Shox 12v Mtb Aro 29 Cor:Violeta;Tamanho do Quadro:L - 19"
23178;Simples/variação;Yukon_RS;"Bicicleta Tsw Yukon Deore Rock Shox 12v Mtb Aro 29 Cor:Violeta;Tamanho do Quadro:M - 17"
22705;Simples/variação;Yukon-Deore-SR;"Bicicleta Tsw Yukon Deore Suntour 12v Mtb Aro 29 Cor:Branco / Preto / Laranja;Tamanho do Quadro:L - 19"
22711;Simples/variação;Yukon-NX-RS;"Bicicleta Tsw Yukon Nx Rock Shox 12v Mtb Aro 29 Cor:Grafite;Tamanho do Quadro:L - 19"
22709;Simples/variação;Yukon-NX-RS;"Bicicleta Tsw Yukon Nx Rock Shox 12v Mtb Aro 29 Cor:Grafite;Tamanho do Quadro:M - 17"
22707;Simples/variação;Yukon-NX-RS;"Bicicleta Tsw Yukon Nx Rock Shox 12v Mtb Aro 29 Cor:Grafite;Tamanho do Quadro:S - 15,5"
22713;Simples/variação;Yukon-NX-RS;"Bicicleta Tsw Yukon Nx Rock Shox 12v Mtb Aro 29 Cor:Grafite;Tamanho do Quadro:XL - 21"
22712;Simples/variação;Yukon-NX-RS;"Bicicleta Tsw Yukon Nx Rock Shox 12v Mtb Aro 29 Cor:Laranja / Cinza;Tamanho do Quadro:L - 19"
22710;Simples/variação;Yukon-NX-RS;"Bicicleta Tsw Yukon Nx Rock Shox 12v Mtb Aro 29 Cor:Laranja / Cinza;Tamanho do Quadro:M - 17"
22708;Simples/variação;Yukon-NX-RS;"Bicicleta Tsw Yukon Nx Rock Shox 12v Mtb Aro 29 Cor:Laranja / Cinza;Tamanho do Quadro:S - 15,5"
14055;Simples/variação;Bolsa_selimTSW;Bolsa De Selim Tsw Impermeável Nylon Ziper - Bike Ciclismo Cor:Cinza-claro
14054;Simples/variação;;Bolsa De Selim Tsw Impermeável Ziper Ciclismo Preto/ Laranja
14764;Simples/variação;selim-mod04;Bolsa De Selim Tsw Modelo 04 Com Engate Rápido Para Bike Cor:Cinza-claro
21627;Simples/variação;;Bomba Calibrador Suspensão Bike Manômetro 300psi Wild
22461;Simples/variação;;Bomba De Ar Elétrica Blackline X-pump 120 Psi Portátil Preto
13513;Simples/variação;;Bomba De Ar Manual Tsw Mtb Bicicleta Nylon C/suporte Preto
21793;Simples/variação;;Bomba De Ar Pneu Bike Carro Moto Elétrica 150psi Usb Elleven
22794;Simples/variação;;Bomba Elétrica Ar de Bicicleta GTA Smart Plus USB 150 PSI
21774;Simples/variação;;Bomba Oficina Alumínio Polida 320mm VeloForce Cor Prata
21773;Simples/variação;;Bomba Oficina Alumínio Polida Grande 590mm Cor Prata
23242;Simples/variação;Boné-EstradaReal2026;Boné Five Panel Copa Internacional Estrada Real 2026 Cor:Azul
23243;Simples/variação;Boné-EstradaReal2026;Boné Five Panel Copa Internacional Estrada Real 2026 Cor:Branco
23244;Simples/variação;Boné-EstradaReal2026;Boné Five Panel Copa Internacional Estrada Real 2026 Cor:Cinza
23245;Simples/variação;Boné-EstradaReal2026;Boné Five Panel Copa Internacional Estrada Real 2026 Cor:Verde
23265;Simples/variação;;Cabo Adaptador 02 Baterias 1T2K para Caloi E-Vibe Rush 7V
21717;Simples/variação;;Cadeado Espiral 1m X 12mm Encapado P/ Bike Bicicleta
22656;Simples/variação;;Cadeado U Elleven 14 X 21 Cm  c/ Chave e Suporte
22617;Simples/variação;;Cadeado U Elleven c/ Chave 170 X 245 mm Emborrachado
23131;Simples/variação;FUN-BIKE;Cadeirinha Infantil Traseira para Bicicleta Kalf Fun Bike Cor:Cinza
23130;Simples/variação;FUN-BIKE;Cadeirinha Infantil Traseira para Bicicleta Kalf Fun Bike Cor:Preto
CX16;Simples/variação;;Caixa Bike 16
CX24;Simples/variação;;Caixa Bike 24
CX29;Simples/variação;;Caixa Bike 29
CXSAP;Simples/variação;;Caixa Sapatilha
21209;Simples/variação;;Câmara 29x2.1/2.3 Pirelli Sportube Presta 48mm
8327;Simples/variação;;Câmara De Ar Chaoyang 29x2.10/2.25 - Válvula Presta 48mm
13861;Simples/variação;;Camara de Ar Kenda Aro 26 x 1.90 / 2.125 35mm Bico Grosso
19101;Simples/variação;;Câmara de Ar Pirelli MTB 29 Válvula Presta 48mm
17513;Simples/variação;;Câmara De Ar Vittoria 700x20 a 28 c 48 mm
9072;Simples/variação;;Câmbio Dianteiro Shimano Tourney Fd-ty500 P/42d 34.9mm
3671;Simples/variação;;Cambio Dianteiro Sram XX S3 39/26 2x10v
14676;Simples/variação;;Câmbio Traseiro Shimano Xtr M9100 Sgs 12v (Sem embalagem)
014676;Simples/variação;;Câmbio Traseiro Shimano Xtr Rd- M9100 Sgs 12v
19363;Simples/variação;CamisaCasualScott;"Camisa Casual Scott Masculina - Vários Modelos Cor:Corporate Branco;Tamanho:G"
17289;Simples/variação;;Canote De Banco Selim Aço Cromado 22.2 X 250mm Bicicleta
21624;Simples/variação;;Canote Retrátil Absolute Prime Ex 27.2 x 330mm x 80mm Preto
23721;Simples/variação;;Canote Retrátil Sentec c/ susp AR Cab Interno 27.2x405x110mm
19036;Simples/variação;;Canote Retrátil Sentec c/ susp AR Cab Interno 31.6x400x125mm
19037;Simples/variação;;Canote Retrátil Sentec c/ susp AR Cab Interno 31.6x458x150mm
18126;Simples/variação;;Canote Retrátil Sentec Cabeamento Interno 30.9x410x125mm
18143;Simples/variação;;Canote Retrátil Sentec Cabeamento Interno 30.9x470x150mm
016425;Simples/variação;;Canote Retrátil Sentec Cabeamento Interno 31.6x410x125mm
016426;Simples/variação;;Canote Retrátil Sentec Cabeamento Interno 31.6x470x150mm
13741;Simples/variação;;Canote Retrátil Shimano Koryak 30.9 170mm Rota Interna
15089;Simples/variação;;Canote Retrátil Shimano Koryak 31.6x420x150mm Rota Externa
15957;Simples/variação;;CANOTE RETRÁTIL SHIMANO KORYAK 31.6X507X170MM ROTA INTERNA
23683;Simples/variação;;Capa De Sapatilha Velotoze Latex Mtb Tall 35/38 Br Cano Alto
18056;Simples/variação;;Capa De Sapatilha Velotoze Latex Mtb Tall 38.5/40.5 Br
18055;Simples/variação;;Capa De Sapatilha Velotoze Silicone Cano Alto Tam. M
18967;Simples/variação;;Capa de Unidade Motora Shimano Steps SM-DUE70-A
18969;Simples/variação;;Capa de Unidade Motora Shimano Steps SM-DUE70-C
23674;Simples/variação;CapaceteNero;"Capacete Ciclismo Absolute Nero C/Led e Viseira Removível Cor:Preto;Tamanho:G (58 - 62)"
23675;Simples/variação;CapaceteNero;"Capacete Ciclismo Absolute Nero C/Led e Viseira Removível Cor:Preto;Tamanho:M (54 - 57)"
23719;Simples/variação;CapaceteUrban;"Capacete de Ciclismo Urban In-Mold C/Viseira Removível Cor:Branco;Tamanho:55 - 62cm"
23731;Simples/variação;CapaceteUrban;"Capacete de Ciclismo Urban In-Mold C/Viseira Removível Cor:Cinza;Tamanho:55 - 62cm"
23718;Simples/variação;CapaceteUrban;"Capacete de Ciclismo Urban In-Mold C/Viseira Removível Cor:Preto;Tamanho:55 - 62cm"
23720;Simples/variação;CapaceteUrban;"Capacete de Ciclismo Urban In-Mold C/Viseira Removível Cor:Rosa;Tamanho:55 - 62cm"
23008;Simples/variação;Coquinho;"Capacete Rava E-Bike Coquinho Viseira Removível Cor:Cinza;Tamanho:G (58 - 62)"
23009;Simples/variação;Coquinho;"Capacete Rava E-Bike Coquinho Viseira Removível Cor:Preto;Tamanho:G (58 - 62)"
17428;Simples/variação;CapaceteScott-ARX;"Capacete Scott Mtb Arx (ce) Tamanho:M (M 55-59 cm);Cor:Azul"
12235;Simples/variação;CapaceteScott-ARX;"Capacete Scott Mtb Arx (ce) Tamanho:S (P 51-55 cm);Cor:Amarelo"
17427;Simples/variação;CapaceteScott-ARX;"Capacete Scott Mtb Arx (ce) Tamanho:S (P 51-55 cm);Cor:Azul-marinho"
19029;Simples/variação;;Cassete 10-51 Shimano Deore CS-M6100 12V - S/ Emb
22789;Simples/variação;;Cassete 12v Absolute 11/50 Aço Niquel Ult.Padrão HG Na Caixa
22658;Simples/variação;;Cassete K7 11v Absolute 11/50d Cromado C/ Preto Mtb R-56818
21771;Simples/variação;;Catraca Roda Livre Pinhão Bike 20 Dentes Esferada Dourada
12883;Simples/variação;;Cavalete Absolute Nero Suporte Tripe P/ Manutenção
22795;Simples/variação;;Cavalete Suporte Tripe Portatil Manutenção Bicicleta GTA
Nota;Simples/variação;;cento e oito mil, duzentos e vinte e seis reais e vinte e sete centavos
21614;Simples/variação;;Chave Canivete Absolute 15 Funções Tk15
23113;Simples/variação;;Chave Canivete GTA 19 Funções Ext. Corrente
20852;Simples/variação;;Chave Canivete Sentec 15 Funções Ext. Corrente
20092;Simples/variação;;Chave Canivete Sentec 18 Funções Ext. Corrente e Gatilho CO2
Nota fiscal;Simples/variação;;cinquenta e três mil, quinhentos e oitenta e seis reais e oitenta e um centavos
19399;Simples/variação;;Cinta Polar H10 Sensor de Frequência Cardíaca Preto
22005;Simples/variação;;Cinta Polar H10 Sensor de Frequência Cardíaca Red
21673;Simples/variação;;Cinta Polar H9 Sensor de Frequência Cardíaca Preto
19398;Simples/variação;;Cinta Polar Verity Sense - Sensor Frequência Cardíaca Óptico
22004;Simples/variação;;Cinta Polar Verity Sense - Sensor Frequência Cardíaca Red
21719;Simples/variação;;Conduite de Freio 5mm Para Bicicleta C/ Teflon 20 metros
11955;Simples/variação;;Conversor Cubo Dianteiro Crank Brothers Cobalt 9mm P 15mm
21775;Simples/variação;;Coroa 36d Engrenagem Fechada 5 Furos Aço Preta Bicicleta
5367;Simples/variação;;Coroa De Bike Mtb Shimano Slx M675 24d Pcd 64mm
15311;Simples/variação;;Coroa de Road Shimano Dura-Ace FC-7900 BCD130mm 42 dentes
23072;Simples/variação;;Coroa Ictus 34 Dentes Bcd 104 Compatível Shimano
23071;Simples/variação;;Coroa Ictus 36 Dentes Bcd 104 Compatível Shimano
23075;Simples/variação;;Coroa Ictus 36 Dentes Bcd 94-96 Compativel Shimano
23073;Simples/variação;;Coroa Ictus 38 Dentes Bcd 104 Compativel Shimano
23074;Simples/variação;;Coroa Ictus 38 Dentes Bcd 96 Compatível Shimano
13873;Simples/variação;;Coroa Ictus Direct Bb30 Offset 0mm 32 Dentes
3297;Simples/variação;Coroa11v;Coroa Shimano Deore Xt M8000 32d 1x11v Tamanho:32 Dentes
13726;Simples/variação;;Coroa Shimano Xtr M9100 / M9120 11v / 12v 32d
23690;Simples/variação;Ictus_Coroa;Coroa Unica Ictus Direct Mount Pedivela Sram Offset 0/3/6mm Tamanho:32 Dentes 6mm
23688;Simples/variação;Ictus_Coroa;Coroa Unica Ictus Direct Mount Pedivela Sram Offset 0/3/6mm Tamanho:34 Dentes 0mm
23689;Simples/variação;Ictus_Coroa;Coroa Unica Ictus Direct Mount Pedivela Sram Offset 0/3/6mm Tamanho:34 Dentes 3mm
23691;Simples/variação;Ictus_Coroa;Coroa Unica Ictus Direct Mount Pedivela Sram Offset 0/3/6mm Tamanho:36 Dentes 6mm
22791;Simples/variação;;Corrente de Bicicleta 12v KMC X12 126 Elos c/ Power Link
22538;Simples/variação;;Corrente de Bicicleta 9v KMC X9 110 Elos c/ Powe Link S/Emb
23393;Simples/variação;;Corrente de Bicicleta S9 Tanke 9v 116 elos Camaleão
23392;Simples/variação;;Corrente de Bicicleta S9 Tanke 9v 116 elos Prata
22320;Simples/variação;;Corrente de Bicicleta Sram Apex D1 T-type 12v 126L s/ Embalagem
22319;Simples/variação;;Corrente de Bicicleta Sram Force D1 T-Type 12v 120L s/ Embalagem
22321;Simples/variação;;Corrente de Bicicleta Sram GX Eagle 12v 120L s/ Embalagem
22310;Simples/variação;;Corrente de Bicicleta Sram GX Eagle T-Type 12v 126L s/ Emb
23390;Simples/variação;;Corrente de Bicicleta Tanke 8s 7/8v 116l Camaleão
23389;Simples/variação;;Corrente de Bicicleta Tanke 8s 7/8v 116l Comum
23396;Simples/variação;;Corrente de Bicicleta Tanke S10 10v 116 Elos Camaleão
23395;Simples/variação;;Corrente de Bicicleta Tanke S10 10v 116 Elos Prata
23398;Simples/variação;;Corrente de Bicicleta Tanke S10 Vazada 10v 116 Elos Camaleão
23397;Simples/variação;;Corrente de Bicicleta Tanke S10 Vazada 10v 116 Elos Prata
23399;Simples/variação;;Corrente de BIcicleta Tanke S11 11v 120 Elos Camaleão
23403;Simples/variação;;Corrente de BIcicleta Tanke S11 11v 120 Elos Prata
23401;Simples/variação;;Corrente de Bicicleta Tanke S11 Vazada 11v 120 Elos Dourada
23394;Simples/variação;;Corrente de Bicicleta Tanke S11 Vazada 11v 120 Elos Prata
23407;Simples/variação;;Corrente de Bicicleta Tanke S12  12v 126 Elos Camaleão
23406;Simples/variação;;Corrente de Bicicleta Tanke S12  12v 126 Elos Prata
23405;Simples/variação;;Corrente de Bicicleta Tanke Vazada S12 12v 126 Elos Camaleão
23404;Simples/variação;;Corrente de Bicicleta Tanke Vazada S12 12v 126 Elos Dourada
23402;Simples/variação;;Corrente de Bicicleta Tanke Vazada S12 12v 126 Elos Prata
23160;Simples/variação;;Corrente Kmc 11v 118 Elos Gold Compativel Shimano Sram
23159;Simples/variação;;Corrente Kmc 12v 126 Elos Gold Compativel Shimano Sram
23161;Simples/variação;;Corrente Kmc Hv500 6v 7v 116 Elos Para Bicicleta
10686;Simples/variação;;Corrente KMC Z9 9V 116L - MTB Speed + Power Link
013901;Simples/variação;;Corrente Shimano 105 HG601 11V -116 Elos
013945;Simples/variação;;Corrente Shimano CN- HG701 11v 116 Elos Ultegra Deore XT
012066;Simples/variação;;Corrente Shimano Deore CN-M6100 12V 138 Elos
19039;Simples/variação;;Corrente Shimano E8000 11V E-bike Mtb 116 Elos
1284;Simples/variação;;Corrente Shimano Hg54 10v 116 Elos
23430;Simples/variação;;Corrente SRAM NX Eagle 12V 120 Elos PowerLock MTB Aço
20602;Simples/variação;;Corrente Sram XX Eagle 12v 120L T-Type s/ Embalagem
22488;Simples/variação;;Cubo Dianteiro Shimano HB-TC500-B 32f C Lock Old 15x110mm
13716;Simples/variação;;Cubo Dianteiro Shimano XTR HB-M9110-B 28F Eixo E-Thru 110x15
23367;Simples/variação;CuboDian32F_TH240;Cubo Dianteiro Tanke TH240 32 Furos Bike Mtb Cor:Preto
23371;Simples/variação;CuboDian36F_TH240;Cubo Dianteiro Tanke TH240 36 Furos Bike Mtb Cor:Preto
23380;Simples/variação;CuboDian28F_TH390;Cubo Dianteiro Tanke TH390 28 Furos Bike Cor:Camaleão
23381;Simples/variação;CuboDian28F_TH390;Cubo Dianteiro Tanke TH390 28 Furos Bike Cor:Preto
23373;Simples/variação;Cubos32F_TH390;Cubo Dianteiro Tanke TH390 32 Furos Bike Cor:Camaleão
23374;Simples/variação;Cubos32F_TH390;Cubo Dianteiro Tanke TH390 32 Furos Bike Cor:Preto
23372;Simples/variação;Cubos32F_TH390;Cubo Dianteiro Tanke TH390 32 Furos Bike Cor:Rosa
23363;Simples/variação;Cubos32F_TH390;Cubo Dianteiro Tanke TH390 32 Furos Bike Cor:Vermelho
23385;Simples/variação;CuboDian36F_TH390;Cubo Dianteiro Tanke TH390 36 Furos Bike Cor:Camaleão
23383;Simples/variação;CuboDian36F_TH390;Cubo Dianteiro Tanke TH390 36 Furos Bike Cor:Preto
23384;Simples/variação;CuboDianBOOST_TH490;Cubo Dianteiro Tanke TH490 Boost 32 Furos Bike Cor:Camaleão
23362;Simples/variação;CuboDianBOOST_TH490;Cubo Dianteiro Tanke TH490 Boost 32 Furos Bike Cor:Preto
23368;Simples/variação;CuboDianBOOST_TH490;Cubo Dianteiro Tanke TH490 Boost 32 Furos Bike Cor:Rosa
23369;Simples/variação;CuboDianBOOST_TH490;Cubo Dianteiro Tanke TH490 Boost 32 Furos Bike Cor:Roxo
10920;Simples/variação;;Cubo Freehub Traseiro Shimano Mt510 32 F 12x142mm 12v
21027;Simples/variação;;Cubo Tras Shimano TC500-B 12x148mm 32f Hg 8-11v Center Lock
23426;Simples/variação;;Cubo Traseiro Shimano 32f Fh-Tc500-MsB Boost Microspline 12v
23360;Simples/variação;CuboTras32F_TH240;Cubo Traseiro Tanke TH240 32 Furos Bike Mtb Cor:Camaleão
23366;Simples/variação;CuboTras32F_TH240;Cubo Traseiro Tanke TH240 32 Furos Bike Mtb Cor:Roxo
23382;Simples/variação;CuboTras28F_TH390;Cubo Traseiro Tanke TH390 Cassete 28 Furos Bike Cor:Camaleão
23391;Simples/variação;CuboTras28F_TH390;Cubo Traseiro Tanke TH390 Cassete 28 Furos Bike Cor:Preto
23375;Simples/variação;CuboTras32F_TH390;Cubo Traseiro Tanke TH390 Cassete 32 Furos Bike Cor:Camaleão
23378;Simples/variação;CuboTras32F_TH390;Cubo Traseiro Tanke TH390 Cassete 32 Furos Bike Cor:Roxo
23377;Simples/variação;CuboTras32F_TH390;Cubo Traseiro Tanke TH390 Cassete 32 Furos Bike Cor:Vermelho
23386;Simples/variação;CuboTras36F_TH390;Cubo Traseiro Tanke TH390 Cassete 36 Furos Bike Cor:Camaleão
23387;Simples/variação;CuboTras36F_TH390;Cubo Traseiro Tanke TH390 Cassete 36 Furos Bike Cor:Preto
23376;Simples/variação;CuboTrasBOOST_TH490;Cubo Traseiro Tanke TH490 Boost Cassete 32 Furos Bike Cor:Camaleão
23379;Simples/variação;CuboTrasBOOST_TH490;Cubo Traseiro Tanke TH490 Boost Cassete 32 Furos Bike Cor:Preto
23388;Simples/variação;CuboTrasBOOST_TH490;Cubo Traseiro Tanke TH490 Boost Cassete 32 Furos Bike Cor:Rosa
23370;Simples/variação;CuboTrasBOOST_TH490;Cubo Traseiro Tanke TH490 Boost Cassete 32 Furos Bike Cor:Roxo
23361;Simples/variação;CuboTras32F_TH500;Cubo Traseiro Tanke TH500 Cassete 32 Furos Bike Cor:Azul
23365;Simples/variação;CuboTras32F_TH500;Cubo Traseiro Tanke TH500 Cassete 32 Furos Bike Cor:Roxo
22492;Simples/variação;;Descanso Lateral Para Bicicleta Rava Mod 04 26/29 Preto
23258;Simples/variação;;Disco Rotor de Freio Sram Clx Centerline 2 160mm CenterLock
23257;Simples/variação;;Disco Rotor de Freio Sram Clx-R 140mm CenterLock
22474;Simples/variação;;Disco Rotor Freio Magura 160mm Storm HC 6 Parafusos
22472;Simples/variação;;Disco Rotor Freio Magura 160mm Storm SL.2 Mtb 6 Parafusos
22473;Simples/variação;;Disco Rotor Freio Magura 180mm Storm SL.2 Mtb 6 Parafusos
23143;Simples/variação;;Disco Rotor Freio Sentec Speed 140mm Alumínio 6 Furos Prateado
nota fiscal crédito;Simples/variação;;Duzentos e sessenta mil setecentos e vinte e três reais e quarenta e um centavos
15510;Simples/variação;;Eixo Traseiro Shimano Passante E-thru Ax-mt500 12x142mm
23068;Simples/variação;;Espátula Sentec Nylon Preto / Verde
23473;Simples/variação;;Espelho Retrovisor Articulado Fixação No Guidão Absolute
21789;Simples/variação;;Espelho Retrovisor Semi Articulado Fixação No Guidão Bike
23293;Simples/variação;;Estação de Musculação Colli Fitness Power Station One
23513;Simples/variação;;Extrator Cassete K7 Disco Center Lock 23mm Rava Bike
14677;Simples/variação;;Ferramenta Shimano Tl Pd40 Manutenção Chave De Pedal
22614;Simples/variação;;Fita Anti Furo Elleven Aro 700c 2,5 x 0,5mm Bike
21619;Simples/variação;;Fita Anti Furo Safetire Pneu 2.0 a 2.4 Aro 29, 40mm Bike Mtb
33333;Simples/variação;;Fita de Guidão Road Microfibra Promend Anti Suor Cor Preto
23021;Simples/variação;Fita-TSW_Eva-Furada;Fita de Guidão Speed Microfibra Tsw Furada Anti Suor Cor:Amarelo
23022;Simples/variação;Fita-TSW_Eva-Furada;Fita de Guidão Speed Microfibra Tsw Furada Anti Suor Cor:Azul Escuro
23025;Simples/variação;Fita-TSW_Eva-Furada;Fita de Guidão Speed Microfibra Tsw Furada Anti Suor Cor:Laranja
23024;Simples/variação;Fita-TSW_Eva-Furada;Fita de Guidão Speed Microfibra Tsw Furada Anti Suor Cor:Preto
23023;Simples/variação;Fita-TSW_Eva-Furada;Fita de Guidão Speed Microfibra Tsw Furada Anti Suor Cor:Verde
23016;Simples/variação;Fita-TSW_Eva;Fita De Guidão TSW Speed Bike Eva Macia Ciclismo Cor:Amarelo
23014;Simples/variação;Fita-TSW_Eva;Fita De Guidão TSW Speed Bike Eva Macia Ciclismo Cor:Azul Claro
23015;Simples/variação;Fita-TSW_Eva;Fita De Guidão TSW Speed Bike Eva Macia Ciclismo Cor:Azul Escuro
23017;Simples/variação;Fita-TSW_Eva;Fita De Guidão TSW Speed Bike Eva Macia Ciclismo Cor:Vermelho
17;Simples/variação;;Fita Métrica De Corpo Inteligente Com App, Fita Corporal Mea
22606;Simples/variação;;Freehub Vzan  V17 Sram Xd 11/12v Preto Mtb Núcleo
22605;Simples/variação;;Freehub Vzan Everest Xc Shimano Microspline V17 / V18
12737;Simples/variação;;Freio A Disco Shimano Altus BL-MT200 Hidráulico Dianteiro
15954;Simples/variação;;Freio A Disco Shimano SLX M7100 Hidr Traseiro Post 1550mm
15953;Simples/variação;;Freio A Disco Shimano SLX M7100 Hidráulico Dianteiro 800mm
23465;Simples/variação;;Freio A Disco Tanke HS-LF MT/200 Hidráulico Dianteiro
23468;Simples/variação;;Freio A Disco Tanke HS-LR MT/200 Hidráulico Invertido Tras.
23466;Simples/variação;;Freio A Disco Tanke HS-RF MT/200 Hidráulico Invertido Diant
23467;Simples/variação;;Freio A Disco Tanke HS-RR MT/200 Hidráulico Traseiro
MLB5586940754;Simples/variação;;Freio Disco Diant. Shimano Altus BL-MT200 Hidraulico
13685;Simples/variação;;Freio Disco Shimano SLX M7100/7110 Hid Traseiro Flat 1550mm
22797;Simples/variação;;Freio V-brake Bike Mtb Nylon 110mm Sapata Orbital 70mm Azul
21629;Simples/variação;;Garantia Avelar Shop
22443;Simples/variação;Tsw_Spin680;Garrafa Caramanhola Térmica TSW Spin Bico Inteligente 680 ml Cor:Cinza
22445;Simples/variação;Tsw_Spin680;Garrafa Caramanhola Térmica TSW Spin Bico Inteligente 680 ml Cor:Laranja
22442;Simples/variação;Tsw_Spin680;Garrafa Caramanhola Térmica TSW Spin Bico Inteligente 680 ml Cor:Preto
22444;Simples/variação;Tsw_Spin680;Garrafa Caramanhola Térmica TSW Spin Bico Inteligente 680 ml Cor:Rosa
22446;Simples/variação;Tsw_Spin680;Garrafa Caramanhola Térmica TSW Spin Bico Inteligente 680 ml Cor:Vermelho
13123;Simples/variação;;Gps Lezyne Macro Easy Ciclocomputador Ciclismo - Bluetooth
23233;Kit;;Grupo Absolute Relação 1x12v MTB Cassete 11/50 Pedivela 34D
19014;Simples/variação;;Guia De Corrente Bike Shimano SM - CD800 Superior Direct
21207;Simples/variação;;Guidao Aluminio Absolute Brutus Mtb 31,8 X 780mm Altura 30mm
22447;Simples/variação;;Guidao Aluminio Rava Reto Mtb 31.8 X 730mm 9º Preto X-time
22651;Simples/variação;;Guidao Cuvo Rava Rise Bar 31.8 X 730mm 9º Preto Ref-28783
20096;Simples/variação;;Guidão Fsa Comet Flat Alumínio Mtb 740mm X 31,8mm Preto
guidão6;Simples/variação;;Guidão Reto Com Suporte Integrado +/-2º Carbono Linha Quest
21212;Simples/variação;;Jogo de Freio A Disco Hidráulico Mtb Absolute M220 Disco 160
21615;Simples/variação;;Jogo de Freio a Disco Mecânico Absolute Nero D/T Rotor 160mm
23357;Simples/variação;;Jogo de Freio Hidráulico Tanke MT/200 Com Discos Preto
23470;Simples/variação;;Jogo de Freio Hidráulico Tanke MT/200 Invertido C/Discos
23469;Simples/variação;;Jogo de Freio Hidráulico Tanke MT/200 Invertido Sem Discos
23355;Simples/variação;;Jogo de Freio Hidráulico Tanke MT/200 Sem Discos Preto
021600;Kit;;Jogo de Freios A Disco Shimano SLX BL-M7100 Hidráulico Post
FreioM7100Par;Simples/variação;;Jogo Freios A Disco Shimano SLX M7100 Hidráulico (Par)
Pitukinha_02;Simples/variação;;Kit 02 Bicicletas de Equilíbrio Colli Pitukinha Balance
21210;Kit;;Kit 02 Câmara de Ar 29x2.1/2.3 Pirelli Sportube Presta 48mm
21211;Kit;;Kit 04 Câmara de Ar 29x2.1/2.3 Pirelli Sportube Presta 48mm
21790;Simples/variação;;Kit 10 Blocagem Selim Alumínio 6 X 65mm Preto Para Bicicleta
21718;Simples/variação;;Kit 10 Cabos Freio Bicicleta Traseiro Aço 1800 Mm
20977;Kit;;Kit 2 Câmara De Ar Chaoyang 29x2.10/2.25 Válvula Presta 48mm
18929;Kit;;Kit 2 Óleo Lubrificante Bike Tec 50 Base Cera 120ml Tectire
20670;Kit;;Kit 2 Selantes Furo Zero 100 ml Para Pneu de Bicicleta Fzero
21721;Simples/variação;;Kit 25 Pares Sapata V-Brake Orbital 70mm Bike Mtb Bicicleta
20690;Kit;;Kit 3 Lubrificante de Corrente Fric Zero Grafeno 60ml Fzero
23251;Simples/variação;;Kit 4 Baterias Pulse Ciclo Profundo 12v 15ah
20978;Kit;;Kit 4 Câmara De Ar Chaoyang 29x2.10/2.25 Válvula Presta 48mm
18930;Kit;;Kit 4 Óleo Lubrificante Bike Tec 50 Base Cera 120ml Tectire
20671;Kit;;Kit 5 Selantes Furo Zero 100 ml Para Pneu de Bicicleta Fzero
23512;Simples/variação;;Kit Cabos E Conduíte Scott Spark 2022 Original Jagwire
20853;Simples/variação;;Kit Completo Tubeless Sentec Mtb
23715;Simples/variação;;Kit Conversor Cubo Tras X-12 Cobalt+Iodine 12x142mm End Caps
16516;Simples/variação;Aero_Plugs;"KIT DE AERO PLUGS P/ CAPACETE SCOTT CADENCE Cor:Preto;Tamanho:M"
23461;Simples/variação;;Kit De Conversão Cassete Tanke Cog Single Speed 18D Roxo
23462;Simples/variação;;Kit De Conversão Cassete Tanke Cog Single Speed 18D Vermelho
22809;Simples/variação;;Kit De Conversão Cassete Tanque Cog Single Speed 18 Dentes
21226;Simples/variação;;Kit de Transmissão Sunrace 27v Dkm M90
1725;Simples/variação;;Kit P/ Suporte De Barras 4009 (rack De Teto Thule - Chery)
21237;Kit;;Kit Passador Absolute Wild Dir 12v+Câmbio Tras Wild 12v Mtb
23716;Simples/variação;;Kit Suporte Caramanhola Sentec Aero 580ml Preto
23504;Simples/variação;;Lanterna Led Traseira Absolute Jy-6085t Usb Vermelho
20658;Simples/variação;;Lavagem a Seco - Bike Zero 500ml Fzero
20667;Simples/variação;;Limpa Disco de Freio - Disco Zero 500 ml Fzero
20668;Simples/variação;;Limpador de Óculos - Lente Zero 100 ml Fzero
20528;Simples/variação;;Limpador de Sapatilha Fzero - Sapatilha Zero 200 ml
20672;Simples/variação;;Lubrificante de Corrente Fric Zero Grafeno - 60ml Fzero
11434;Simples/variação;;Lubrificante Finish Line Oleo Seco Dry Bike Mtb Speed 120ml
23699;Simples/variação;Luva_Concorde;"Luva de Ciclismo Arbok Concorde Dedo Curto com Velcro Adulto Cor:Preto / Branco;Tamanho:G"
23700;Simples/variação;Luva_Concorde;"Luva de Ciclismo Arbok Concorde Dedo Curto com Velcro Adulto Cor:Preto / Branco;Tamanho:GG"
23701;Simples/variação;Luva_Concorde;"Luva de Ciclismo Arbok Concorde Dedo Curto com Velcro Adulto Cor:Preto / Branco;Tamanho:GGG"
23698;Simples/variação;Luva_Concorde;"Luva de Ciclismo Arbok Concorde Dedo Curto com Velcro Adulto Cor:Preto / Branco;Tamanho:M"
23697;Simples/variação;Luva_Concorde;"Luva de Ciclismo Arbok Concorde Dedo Curto com Velcro Adulto Cor:Preto / Branco;Tamanho:P"
23694;Simples/variação;Luva_Concorde;"Luva de Ciclismo Arbok Concorde Dedo Curto com Velcro Adulto Cor:Preto / Verde / Branco;Tamanho:G"
23695;Simples/variação;Luva_Concorde;"Luva de Ciclismo Arbok Concorde Dedo Curto com Velcro Adulto Cor:Preto / Verde / Branco;Tamanho:GG"
23696;Simples/variação;Luva_Concorde;"Luva de Ciclismo Arbok Concorde Dedo Curto com Velcro Adulto Cor:Preto / Verde / Branco;Tamanho:GGG"
23693;Simples/variação;Luva_Concorde;"Luva de Ciclismo Arbok Concorde Dedo Curto com Velcro Adulto Cor:Preto / Verde / Branco;Tamanho:M"
23692;Simples/variação;Luva_Concorde;"Luva de Ciclismo Arbok Concorde Dedo Curto com Velcro Adulto Cor:Preto / Verde / Branco;Tamanho:P"
23704;Simples/variação;Arbok_Gloster;"Luva de Ciclismo Arbok Gloster Gel Feminino Rosa Cor:Rosa;Tamanho:G"
23703;Simples/variação;Arbok_Gloster;"Luva de Ciclismo Arbok Gloster Gel Feminino Rosa Cor:Rosa;Tamanho:M"
23702;Simples/variação;Arbok_Gloster;"Luva de Ciclismo Arbok Gloster Gel Feminino Rosa Cor:Rosa;Tamanho:P"
23707;Simples/variação;Mirage;"Luva de Ciclismo Arbok Mirage Preta Cor:Preto;Tamanho:G"
23708;Simples/variação;Mirage;"Luva de Ciclismo Arbok Mirage Preta Cor:Preto;Tamanho:GG"
23709;Simples/variação;Mirage;"Luva de Ciclismo Arbok Mirage Preta Cor:Preto;Tamanho:GGG"
23706;Simples/variação;Mirage;"Luva de Ciclismo Arbok Mirage Preta Cor:Preto;Tamanho:M"
23705;Simples/variação;Mirage;"Luva de Ciclismo Arbok Mirage Preta Cor:Preto;Tamanho:P"
22471;Simples/variação;;Manete de Freio Magura Mt8 Pro 1 Dedo Aluminio
23507;Simples/variação;;Manopla Bicicleta Absolute Hl-Gr33 Mtb Cor Preto
22612;Simples/variação;;Manopla Bicicleta Elleven Vice Preto e Cinza
23353;Simples/variação;MesaTanke_ProHonsun;Mesa Avanço Tanke ProHonSun 022 31.8 x 45 mm 0° Alumínio Cor:Camaleão
23354;Simples/variação;MesaTanke_ProHonsun;Mesa Avanço Tanke ProHonSun 022 31.8 x 45 mm 0° Alumínio Cor:Roxo
23352;Simples/variação;MesaTanke_ProHonsun;Mesa Avanço Tanke ProHonSun 022 31.8 x 45 mm 0° Alumínio Cor:Vermelho
22441;Simples/variação;;Mesa de Bicicleta Scott Syncros RR 2.0 100mm 6º Preto
14959;Simples/variação;Mochila_Scott;Mochila de Hidratação Scott Pack Perform Evo HY 4 Cor:Amarelo
23218;Simples/variação;;Motor Elétrico Barco Search Xplorer 44 Lbs SW Água Salgada
23219;Simples/variação;;Motor Elétrico Barco Search Xplorer 54 Lbs SW Água Salgada
23205;Simples/variação;;Motor Elétrico Para Barco Search Xplorer 34 Lbs Digital
23216;Simples/variação;;Motor Elétrico Para Barco Search Xplorer 44 Lbs Digital 12v
23217;Simples/variação;;Motor Elétrico Para Barco Search Xplorer 54 Lbs Digital 12v
17290;Simples/variação;;Movimento Central Absolute 68x122mm Ponta Quadrada  08A
17288;Simples/variação;;Movimento Central Absolute Ponta Quadrada 68x118mm Selado
23410;Simples/variação;;Movimento Central Bb Mt500 Press Fit Type Bottom Bracket Pa
21720;Simples/variação;;Movimento Central Caixa C/ Colar De Esferas 45mm Neco Bike
21974;Simples/variação;;Movimento Central GTI 118 x 68 mm Selado Ponta Quadrada
005365;Simples/variação;;Movimento Central Shimano Sm Bb52 Hollowtech
23428;Simples/variação;;Movimento Central Shimano Tiagra Rs500 PB BB86 41mm Pressfit
23429;Simples/variação;;Movimento Central Sram Dud Pressfit 89.5-92mm
14301;Simples/variação;;Movimento Central Sram Original DUB Bb30 68/73 Preto
NF estorno;Simples/variação;;Oito mil e cinquenta e oito reais e setenta e dois centavos
12022;Simples/variação;;Óleo Lubrificante Bike Tec 50 Base Cera 120ml Tectire
6426;Simples/variação;;Óleo Lubrificante de Corrente Finish Line Úmido 60 ml
23400;Simples/variação;;Par Alavanca Sti Shimano Tourney A070 2x7v Speed
20595;Simples/variação;;Par de Câmara de Ar Chaoyang - Pneu 26x1.95/2.125 Cor:Preto
23417;Simples/variação;ParCubos28F_TH390;Par De Cubo Barulhento Tanke TH390 Cassete K7 28 Furos MTB Cor:Camaleão
23418;Simples/variação;ParCubos28F_TH390;Par De Cubo Barulhento Tanke TH390 Cassete K7 28 Furos MTB Cor:Roxo
23425;Simples/variação;ParCubos36F_TH390;Par De Cubo Barulhento Tanke TH390 Cassete K7 36 Furos MTB Cor:Roxo
23409;Simples/variação;;Par De Cubo Barulhento Tanke Th390 Microspline K7 32f Preto
23408;Simples/variação;;Par De Cubo Barulhento Tanke TH390 XD K7 32Furos Mtb Preto
23463;Simples/variação;;Par De Pinças Dual Tanke Bike Freio a Disco Gravel
23554;Kit;;Par de Pneus CST Jack Rabbit Tbl 29 x 2.35 Kvl 120 Tpi Preto
23550;Kit;;Par de Pneus Mtb CST Camber 29 x 2.25 Kevlar Tbl Preto
23552;Kit;;Par de Pneus Mtb CST Patrol 29 x 2.30 Kevlar Tbl Preto
21317;Kit;;Par de Pneus Pirelli 29 X 2.20 Scorpion Xc Rc World Cup Tbl
21318;Kit;;Par de Pneus Pirelli 29 X 2.40 Scorpion Xc Rc World Cup Tbl
23560;Kit;;Par de Pneus Road CST Czar 700 x 26c Kevlar 60 Tpi
23558;Kit;;Par de Pneus Road CST Czar 700 x 28c Kevlar 60 Tpi
23562;Kit;;Par de Pneus Road CST Energia 700 x 28c Kevlar Tbl 120 Tpi
23556;Kit;;Par de Pneus Road CST Overton 700 x 45c Tbl Kevlar 60 Tpi
23272;Simples/variação;;Par de Retrovisores para Bicicleta GTA Bike Guidão Ajustavéis
22643;Simples/variação;;Par de Rodas Aro 29 Vzan Everest Xc 28f Disc Sram XD Boost
22641;Simples/variação;;Par de Rodas Vzan Futura 700c 24f P113 V-brake Shimano 8-12s
12232;Simples/variação;;Par Passador Alavanca Câmbio Shimano Altus Sl M315 3x7v
13767;Simples/variação;;Par Passador Alavanca Câmbio/freio Shimano St- Ef500 Ez 3x8v
15511;Kit;;Par Passador Alavanca De Câmbio Shimano Altus Sl-m315 3x8 V
13568;Simples/variação;;Par Pedal MTB Clip Promend PD - M96 C/ Tacos
21196;Simples/variação;;Par Pedal MTB Clip Promend PD - M96-P C/ Tacos
22642;Simples/variação;;Par Rodas Aro 29 Vzan Everest Xc 28f Disc Microspline Boost
22644;Simples/variação;;Par Rodas Aro 29 Vzan Everest Xc 28f Disc Shimano HG Boost
22640;Simples/variação;;Par Rodas Vzan Concept 700C 24F P112 V-Brake Shimano 8-12S
23503;Simples/variação;;Par Sinalizadores Bike Absolute Pisca Led Diant/tras 2 Leds
23717;Simples/variação;;Parafuso De Coroa Ictus Kit 4 Unidades Pedivela Mtb
23135;Simples/variação;;Passador Alavanca Câmbio Shimano Altus Sl M315 2v Esquerdo
13768;Simples/variação;;Passador Alavanca Câmbio Shimano Altus Sl M315 2x7v
23133;Simples/variação;;Passador Alavanca Câmbio/freio Shimano St-ef500 Ez 3x7v
15955;Simples/variação;;Passador Alavanca/Freio Shimano 105 ST-R7000 2x11v
15156;Simples/variação;;Passador Alavanca/Freio Shimano Ultegra ST-R8000 2x11v
23165;Simples/variação;;Pastilha de Freio Jagwire DCA885 Shimano Xtr Xt Slx Deore
23164;Simples/variação;;Pastilha De Freio Jagwire Pro E-bike Dcab16 Par Mt200 Mt410
23150;Simples/variação;;Pastilha De Freio Jagwire Resina Dca799 Sram Ultim Red/Rival
23163;Simples/variação;;Pastilha De Freio Jagwire Shimano Orgânica Dca716
23168;Simples/variação;;Pastilha De Freio Jagwire Sport DCA016 M315 M395 M446 Mt200
23167;Simples/variação;;Pastilha de Freio Jagwire Sport Orgânica DCA765
23146;Simples/variação;;Pastilha Freio A Disco Sentec Ceramic Deore Lx Xt Xtr Slx
23145;Simples/variação;;Pastilha Freio Bike Sentec Ceramic Coldsys 105 Ultegra
23148;Simples/variação;;Pastilha Freio Cerâmica Sentec M395/m446 E-bike Silenciosa
10182;Simples/variação;;Pastilha Freio Disco Absolute Abs-01s Orgânica
8906;Simples/variação;;Pastilha Freio Original Sram Level Ultimate Tlm Red Orgânica
23147;Simples/variação;;Pastilhas De Freio Disco Sentec Coldsys M616 M660 Cerâmica
23166;Simples/variação;;Pastilhas de Freio Jagwire Pro DCA101 Sram Organico
22547;Simples/variação;;Pedal Absolute Dual Clip / Ptf Mtb Com Tacos Encaixe SPD
22512;Simples/variação;;Pedal Bicicleta Absolute Brutus Flat 9/16 Oil Slick Camaleão
13114;Simples/variação;;Pedal Bicicleta Crank Brothers Candy 1 Preto
13394;Simples/variação;;Pedal Bike Shimano Click'r Pd-t421 Com Taquinhos
23327;Simples/variação;Pedal-TP60;Pedal Bike Tanke TP60 Nylon 9/16 Road/MTB Cor:Azul Claro
23329;Simples/variação;Pedal-TP60;Pedal Bike Tanke TP60 Nylon 9/16 Road/MTB Cor:Preto
23330;Simples/variação;Pedal-TP60;Pedal Bike Tanke TP60 Nylon 9/16 Road/MTB Cor:Roxo
23331;Simples/variação;Pedal-TP60;Pedal Bike Tanke TP60 Nylon 9/16 Road/MTB Cor:Verde Claro
23328;Simples/variação;Pedal-TP60;Pedal Bike Tanke TP60 Nylon 9/16 Road/MTB Cor:Vermelho
23493;Simples/variação;;Pedal Clip Bike Wellgo W01 Com Tacos Ciclismo Mtb Preto
23730;Simples/variação;;Pedal De Bicicleta Look Keo Blade Ceramic Carbon 12 Preto
22478;Simples/variação;;Pedal Exustar Road E-PR3CK Preto Compátivel Look Keo
22477;Simples/variação;;Pedal Exustar Road E-PRSL3ST Compátivel Shimano SPD-SL Preto
22479;Simples/variação;;Pedal Exustar Road Modelo E-PR1AL Compátivel Look Keo
23326;Simples/variação;Pedal-TP50;Pedal Leve Tanke TP50 Different 9/16 MTB/Road Cor:Camaleão
23324;Simples/variação;Pedal-TP50;Pedal Leve Tanke TP50 Different 9/16 MTB/Road Cor:Preto
23325;Simples/variação;Pedal-TP50;Pedal Leve Tanke TP50 Different 9/16 MTB/Road Cor:Roxo
23728;Simples/variação;;Pedal Look Kéo Classic 3 Clip Encaixe Preto Rolamento C/taco Preto
23083;Simples/variação;;Pedaleira Apoio Trolha Aço Xadrez 38 x110mm Bmx Freestyle
15813;Simples/variação;;Pinhão COG 13T Para Cassete Shimano CS - M8000
15814;Simples/variação;;Pinhão COG 15T Para Cassete Shimano CS - M8000
21788;Simples/variação;;Pisca Sinalizador 5 Leds Elleven Recarregavel 8 Lumens USB
22783;Simples/variação;;Pisca Traseiro Bicicleta Sinalizador De Bike Absolute Square
23553;Simples/variação;;Pneu CST Jack Rabbit Tbl 29 x 2.35 Kevlar 120 Tpi Preto
23307;Simples/variação;;Pneu DSI Types Aro 20 x 4.00 Fat Mtb / Cross Preto Sri-107
23359;Simples/variação;;Pneu Jilüer Aro 24 x 4.0 Fat Bike Off Road Preto
23549;Simples/variação;;Pneu Mtb CST Camber 29 x 2.25 Kevlar Tubeless Ready Preto
23551;Simples/variação;;Pneu Mtb CST Patrol 29 x 2.30 Kevlar Tubeless Ready Preto
21292;Simples/variação;;Pneu Pirelli 29 X 2.20 Scorpion Xc Rc World Cup Tubeless
21293;Simples/variação;;Pneu Pirelli 29 X 2.40 Scorpion Xc Rc World Cup 120 tpi Tbl
23559;Simples/variação;;Pneu Road CST Czar 700 x 26c Kevlar 60 Tpi
23557;Simples/variação;;Pneu Road CST Czar 700 x 28c  Kevlar 60 Tpi
23561;Simples/variação;;Pneu Road CST Energia 700 x 28c Kevlar Tbl 120 Tpi
23555;Simples/variação;;Pneu Road CST Overton 700 x 45c Tbl Kevlar 60 Tpi
23729;Simples/variação;;Protetor De Quadro Thule Carbon Frame 984 Bike De Carbono
23138;Simples/variação;Quadro_GTA;"Quadro Aro 26 GTA Rebel Freeride com Kit Acessórios Cor:Azul;Tamanho do Quadro:Único"
23273;Simples/variação;Quadro_GTA;"Quadro Aro 26 GTA Rebel Freeride com Kit Acessórios Cor:Branco;Tamanho do Quadro:Único"
23274;Simples/variação;Quadro_GTA;"Quadro Aro 26 GTA Rebel Freeride com Kit Acessórios Cor:Camaleão;Tamanho do Quadro:Único"
23136;Simples/variação;Quadro_GTA;"Quadro Aro 26 GTA Rebel Freeride com Kit Acessórios Cor:Preto;Tamanho do Quadro:Único"
23137;Simples/variação;Quadro_GTA;"Quadro Aro 26 GTA Rebel Freeride com Kit Acessórios Cor:Roxo;Tamanho do Quadro:Único"
22798;Simples/variação;Quadro_GTA;"Quadro Aro 26 GTA Rebel Freeride com Kit Acessórios Cor:Verde;Tamanho do Quadro:Único"
23275;Simples/variação;Quadro_GTA;"Quadro Aro 26 GTA Rebel Freeride com Kit Acessórios Cor:Vermelho;Tamanho do Quadro:Único"
22543;Simples/variação;Nuuk-Quadro;"Quadro Tsw Nuuk Aro 29 Mtb Boost Com Eixo Cor:Cinza / Azul;Tamanho do Quadro:L - 19"
23180;Simples/variação;Nuuk-Quadro;"Quadro Tsw Nuuk Aro 29 Mtb Boost Com Eixo Cor:Cinza / Azul;Tamanho do Quadro:XL - 21"
23192;Simples/variação;Vikingx;"Quadro Vikingx Tuff X-25 Aro 26 Aluminio Dirt Jump Bike Cor:Prata / Azul;Tamanho do Quadro:Aro 26"
23191;Simples/variação;Vikingx;"Quadro Vikingx Tuff X-25 Aro 26 Aluminio Dirt Jump Bike Cor:Preto / Azul;Tamanho do Quadro:Aro 26"
21999;Simples/variação;;Relógio de Corrida Polar Grit X2 GPS Brown Copper
21998;Simples/variação;;Relógio de Corrida Polar Grit X2 GPS Night Black
20521;Simples/variação;;Relógio de Corrida Polar Grit X2 Pro GPS
20186;Simples/variação;;Relógio de Corrida Polar Grit X2 Pro GPS + Cinta Polar H10
20813;Simples/variação;;Relógio de Corrida Polar Grit X2 Pro GPS Silver Grey
22003;Simples/variação;;Relógio de Corrida Polar Grit X2 Pro Titan Bronze
21256;Simples/variação;PolarIgnite;Relógio de Corrida Polar Ignite 2 (P/G) Cor:Gold Champagne
21255;Simples/variação;PolarIgnite;Relógio de Corrida Polar Ignite 2 (P/G) Cor:Preto Perolado
23527;Simples/variação;;Relógio de Corrida Polar Ignite 2 (P/G) Cor:Preto Perolado
21993;Simples/variação;;Relógio de Corrida Polar Ignite 3 Braided Yarn Black
21258;Simples/variação;;Relógio de Corrida Polar Ignite 3 Copper Brown
21257;Simples/variação;;Relógio de Corrida Polar Ignite 3 Greige Sand
19390;Simples/variação;;Relógio de Corrida Polar Ignite 3 Night Black
21994;Simples/variação;;Relógio de Corrida Polar Ignite 3 Titanium Black
21995;Simples/variação;;Relógio de Corrida Polar Ignite 3 Titanium Bronze + Pulseira
19392;Simples/variação;;Relógio de Corrida Polar Pacer c/ GPS Branco
019391;Simples/variação;;Relógio de Corrida Polar Pacer c/ GPS Preto
21996;Simples/variação;;Relógio de Corrida Polar Pacer c/ GPS Purple Dusk
19668;Simples/variação;;Relógio de Corrida Polar Pacer Pro c/ GPS Cor Branco c/ Verm
23526;Simples/variação;;Relógio de Corrida Polar Pacer Pro c/ GPS Cor Branco c/ Verm
19393;Simples/variação;;Relógio de Corrida Polar Pacer Pro c/ GPS Cor Carbon Grey
019394;Simples/variação;;Relógio de Corrida Polar Pacer Pro c/ GPS Cor Gold Dust
21992;Simples/variação;;Relógio de Corrida Polar Unite Branco (P/G)
21254;Simples/variação;;Relógio de Corrida Polar Unite Preto (P/G)
21997;Simples/variação;;Relógio Multiesportivo Polar Grit X Pro Black
19395;Simples/variação;;Relógio Multiesportivo Polar Grit X Pro Titan
20656;Simples/variação;;Relógio Polar GPS Vantage M3 Black (P/G)
20657;Simples/variação;;Relógio Polar GPS Vantage M3 Greige/Gold (P/G)
23528;Simples/variação;;Relógio Polar GPS Vantage M3 Greige/Gold (P/G)
019396;Simples/variação;;Relógio Polar GPS Vantage V3 Night Black (P/G)
23529;Simples/variação;;Relógio Polar GPS Vantage V3 Night Black (P/G)
22001;Simples/variação;;Relógio Polar GPS Vantage V3 Preto + Monitor Cardíaco H10
22002;Simples/variação;;Relógio Polar GPS Vantage V3 Preto + Pulseira Extra
019397;Simples/variação;;Relógio Polar GPS Vantage V3 Sky Blue (P/G)
22000;Simples/variação;;Relógio Polar GPS Vantage V3 Sunrise Apricot
20660;Simples/variação;;Removedor de Graxa Mão Zero 500g Fzero
22771;Simples/variação;;Rodinha Lateral Bicicleta Regulável Aro 12 A 20 Reforçada
21612;Simples/variação;;Roldana de Câmbio Absolute 9 a 12v Par 12 Dentes c/Rolamento
22399;Simples/variação;;Rolo de Treinamento Bike High One Magnético C/ Apoio de Roda
11055;Simples/variação;;Rolo De Treino Bike Absolute Wild Dinâmico Mtb Speed
23650;Simples/variação;;Rolo de Treino Tacx Flux 2 Smart Fixo
13656;Simples/variação;CasualMT301;"Sapatilha Casual Shimano Mt301 Tipo Tênis Tamanho:36;Cor:Preto"
15545;Simples/variação;ET500;"Sapatilha Casual Shimano SH - ET500 Tipo Tênis Tamanho:44;Cor:Vermelho"
8635;Simples/variação;RC-901;"Sapatilha Ciclismo Shimano RC9 Sh-RC901 S-Phyre Carbon Tamanho:39;Cor:Verde"
11848;Simples/variação;RP_400;"Sapatilha Ciclismo Shimano Rp4 - Cores Tamanho:38;Cor:Amarelo Neo"
21989;Simples/variação;RC903;"Sapatilha Ciclismo Speed, Road Shimano RC903 S-Phyre Carbon Cor:Preto;Tamanho:39"
23652;Simples/variação;MX101;"Sapatilha De Ciclismo Mtb Sh-Mx101 Shimano Cor:Preto;Tamanho:36"
23653;Simples/variação;MX101;"Sapatilha De Ciclismo Mtb Sh-Mx101 Shimano Cor:Preto;Tamanho:37"
23654;Simples/variação;MX101;"Sapatilha De Ciclismo Mtb Sh-Mx101 Shimano Cor:Preto;Tamanho:38"
23655;Simples/variação;MX101;"Sapatilha De Ciclismo Mtb Sh-Mx101 Shimano Cor:Preto;Tamanho:39"
23656;Simples/variação;MX101;"Sapatilha De Ciclismo Mtb Sh-Mx101 Shimano Cor:Preto;Tamanho:40"
23657;Simples/variação;MX101;"Sapatilha De Ciclismo Mtb Sh-Mx101 Shimano Cor:Preto;Tamanho:41"
23658;Simples/variação;MX101;"Sapatilha De Ciclismo Mtb Sh-Mx101 Shimano Cor:Preto;Tamanho:42"
23659;Simples/variação;MX101;"Sapatilha De Ciclismo Mtb Sh-Mx101 Shimano Cor:Preto;Tamanho:43"
23660;Simples/variação;MX101;"Sapatilha De Ciclismo Mtb Sh-Mx101 Shimano Cor:Preto;Tamanho:44"
23661;Simples/variação;MX101;"Sapatilha De Ciclismo Mtb Sh-Mx101 Shimano Cor:Preto;Tamanho:45"
23662;Simples/variação;MX101;"Sapatilha De Ciclismo Mtb Sh-Mx101 Shimano Cor:Preto;Tamanho:46"
23663;Simples/variação;MX101;"Sapatilha De Ciclismo Mtb Sh-Mx101 Shimano Cor:Verde Oliva;Tamanho:36"
23664;Simples/variação;MX101;"Sapatilha De Ciclismo Mtb Sh-Mx101 Shimano Cor:Verde Oliva;Tamanho:37"
23665;Simples/variação;MX101;"Sapatilha De Ciclismo Mtb Sh-Mx101 Shimano Cor:Verde Oliva;Tamanho:38"
23666;Simples/variação;MX101;"Sapatilha De Ciclismo Mtb Sh-Mx101 Shimano Cor:Verde Oliva;Tamanho:39"
23667;Simples/variação;MX101;"Sapatilha De Ciclismo Mtb Sh-Mx101 Shimano Cor:Verde Oliva;Tamanho:40"
23668;Simples/variação;MX101;"Sapatilha De Ciclismo Mtb Sh-Mx101 Shimano Cor:Verde Oliva;Tamanho:41"
23669;Simples/variação;MX101;"Sapatilha De Ciclismo Mtb Sh-Mx101 Shimano Cor:Verde Oliva;Tamanho:42"
23670;Simples/variação;MX101;"Sapatilha De Ciclismo Mtb Sh-Mx101 Shimano Cor:Verde Oliva;Tamanho:43"
23671;Simples/variação;MX101;"Sapatilha De Ciclismo Mtb Sh-Mx101 Shimano Cor:Verde Oliva;Tamanho:44"
23672;Simples/variação;MX101;"Sapatilha De Ciclismo Mtb Sh-Mx101 Shimano Cor:Verde Oliva;Tamanho:45"
23673;Simples/variação;MX101;"Sapatilha De Ciclismo Mtb Sh-Mx101 Shimano Cor:Verde Oliva;Tamanho:46"
23592;Simples/variação;XC302;"Sapatilha De Ciclismo Mtb Sh-Xc302 Shimano 2025 Cor:Branco;Tamanho:34"
23593;Simples/variação;XC302;"Sapatilha De Ciclismo Mtb Sh-Xc302 Shimano 2025 Cor:Branco;Tamanho:35"
23590;Simples/variação;XC302;"Sapatilha De Ciclismo Mtb Sh-Xc302 Shimano 2025 Cor:Branco;Tamanho:37"
23594;Simples/variação;XC302;"Sapatilha De Ciclismo Mtb Sh-Xc302 Shimano 2025 Cor:Branco;Tamanho:38"
23587;Simples/variação;XC302;"Sapatilha De Ciclismo Mtb Sh-Xc302 Shimano 2025 Cor:Branco;Tamanho:39"
23586;Simples/variação;XC302;"Sapatilha De Ciclismo Mtb Sh-Xc302 Shimano 2025 Cor:Branco;Tamanho:40"
23588;Simples/variação;XC302;"Sapatilha De Ciclismo Mtb Sh-Xc302 Shimano 2025 Cor:Branco;Tamanho:41"
23591;Simples/variação;XC302;"Sapatilha De Ciclismo Mtb Sh-Xc302 Shimano 2025 Cor:Branco;Tamanho:42"
23595;Simples/variação;XC302;"Sapatilha De Ciclismo Mtb Sh-Xc302 Shimano 2025 Cor:Branco;Tamanho:43"
23596;Simples/variação;XC302;"Sapatilha De Ciclismo Mtb Sh-Xc302 Shimano 2025 Cor:Branco;Tamanho:44"
23597;Simples/variação;XC302;"Sapatilha De Ciclismo Mtb Sh-Xc302 Shimano 2025 Cor:Branco;Tamanho:45"
23598;Simples/variação;XC302;"Sapatilha De Ciclismo Mtb Sh-Xc302 Shimano 2025 Cor:Branco;Tamanho:46"
23599;Simples/variação;XC302;"Sapatilha De Ciclismo Mtb Sh-Xc302 Shimano 2025 Cor:Branco;Tamanho:47"
23589;Simples/variação;XC302;"Sapatilha De Ciclismo Mtb Sh-Xc302 Shimano 2025 Cor:Cinza;Tamanho:34"
22206;Simples/variação;XC302;"Sapatilha De Ciclismo Mtb Sh-Xc302 Shimano 2025 Cor:Cinza;Tamanho:35"
22207;Simples/variação;XC302;"Sapatilha De Ciclismo Mtb Sh-Xc302 Shimano 2025 Cor:Cinza;Tamanho:36"
22201;Simples/variação;XC302;"Sapatilha De Ciclismo Mtb Sh-Xc302 Shimano 2025 Cor:Cinza;Tamanho:37"
22202;Simples/variação;XC302;"Sapatilha De Ciclismo Mtb Sh-Xc302 Shimano 2025 Cor:Cinza;Tamanho:38"
22203;Simples/variação;XC302;"Sapatilha De Ciclismo Mtb Sh-Xc302 Shimano 2025 Cor:Cinza;Tamanho:39"
22204;Simples/variação;XC302;"Sapatilha De Ciclismo Mtb Sh-Xc302 Shimano 2025 Cor:Cinza;Tamanho:40"
22208;Simples/variação;XC302;"Sapatilha De Ciclismo Mtb Sh-Xc302 Shimano 2025 Cor:Cinza;Tamanho:41"
22209;Simples/variação;XC302;"Sapatilha De Ciclismo Mtb Sh-Xc302 Shimano 2025 Cor:Cinza;Tamanho:42"
23169;Simples/variação;XC302;"Sapatilha De Ciclismo Mtb Sh-Xc302 Shimano 2025 Cor:Cinza;Tamanho:43"
23170;Simples/variação;XC302;"Sapatilha De Ciclismo Mtb Sh-Xc302 Shimano 2025 Cor:Cinza;Tamanho:45"
23171;Simples/variação;XC302;"Sapatilha De Ciclismo Mtb Sh-Xc302 Shimano 2025 Cor:Cinza;Tamanho:47"
23172;Simples/variação;XC302;"Sapatilha De Ciclismo Mtb Sh-Xc302 Shimano 2025 Cor:Cinza;Tamanho:48"
22194;Simples/variação;XC302;"Sapatilha De Ciclismo Mtb Sh-Xc302 Shimano 2025 Cor:Preto;Tamanho:35"
22195;Simples/variação;XC302;"Sapatilha De Ciclismo Mtb Sh-Xc302 Shimano 2025 Cor:Preto;Tamanho:36"
22196;Simples/variação;XC302;"Sapatilha De Ciclismo Mtb Sh-Xc302 Shimano 2025 Cor:Preto;Tamanho:37"
22197;Simples/variação;XC302;"Sapatilha De Ciclismo Mtb Sh-Xc302 Shimano 2025 Cor:Preto;Tamanho:38"
22198;Simples/variação;XC302;"Sapatilha De Ciclismo Mtb Sh-Xc302 Shimano 2025 Cor:Preto;Tamanho:39"
22199;Simples/variação;XC302;"Sapatilha De Ciclismo Mtb Sh-Xc302 Shimano 2025 Cor:Preto;Tamanho:40"
22200;Simples/variação;XC302;"Sapatilha De Ciclismo Mtb Sh-Xc302 Shimano 2025 Cor:Preto;Tamanho:41"
22205;Simples/variação;XC302;"Sapatilha De Ciclismo Mtb Sh-Xc302 Shimano 2025 Cor:Preto;Tamanho:42"
22193;Simples/variação;XC302;"Sapatilha De Ciclismo Mtb Sh-Xc302 Shimano 2025 Cor:Preto;Tamanho:43"
14274;Simples/variação;Xc300;"Sapatilha De Ciclismo Mtb Shimano Xc300 Tamanho:38;Cor:Preto"
19064;Simples/variação;Xc300;"Sapatilha De Ciclismo Mtb Shimano Xc300 Tamanho:44;Cor:Branco"
14292;Simples/variação;Xc300;"Sapatilha De Ciclismo Mtb Shimano Xc300 Tamanho:47;Cor:Preto"
16311;Simples/variação;XC702;"Sapatilha de Ciclismo Mtb Shimano Xc702 Carbon Tamanho:36;Cor:XC702 Preto"
16312;Simples/variação;XC702;"Sapatilha de Ciclismo Mtb Shimano Xc702 Carbon Tamanho:37;Cor:XC702 Preto"
17369;Simples/variação;XC702;"Sapatilha de Ciclismo Mtb Shimano Xc702 Carbon Tamanho:38;Cor:XC702 Branco"
19756;Simples/variação;XC702;"Sapatilha de Ciclismo Mtb Shimano Xc702 Carbon Tamanho:38;Cor:XC702 Prata"
16328;Simples/variação;XC702;"Sapatilha de Ciclismo Mtb Shimano Xc702 Carbon Tamanho:38;Cor:XC702 Vermelho"
19754;Simples/variação;XC702;"Sapatilha de Ciclismo Mtb Shimano Xc702 Carbon Tamanho:39;Cor:XC702 Prata"
16329;Simples/variação;XC702;"Sapatilha de Ciclismo Mtb Shimano Xc702 Carbon Tamanho:39;Cor:XC702 Vermelho"
15603;Simples/variação;RoadCompBoaFem;"Sapatilha De Ciclismo Road Speed Scott Comp Boa Tamanho:41;Cor:Preto"
15607;Simples/variação;RoadCompBoaFem;"Sapatilha De Ciclismo Road Speed Scott Comp Boa Tamanho:44;Cor:Preto"
16357;Simples/variação;Rc-502;"Sapatilha De Ciclismo Road Speed Shimano Sh- Rc502 Tamanho:37;Cor:RC 502 Preto"
16359;Simples/variação;Rc-502;"Sapatilha De Ciclismo Road Speed Shimano Sh- Rc502 Tamanho:39;Cor:RC 502 Preto"
21983;Simples/variação;RC703;"Sapatilha De Ciclismo Road Speed Shimano Sh- Rc703 Cor:Branco;Tamanho:38"
21681;Simples/variação;RC703;"Sapatilha De Ciclismo Road Speed Shimano Sh- Rc703 Cor:Branco;Tamanho:40"
21982;Simples/variação;RC703;"Sapatilha De Ciclismo Road Speed Shimano Sh- Rc703 Cor:Branco;Tamanho:41"
21985;Simples/variação;RC703;"Sapatilha De Ciclismo Road Speed Shimano Sh- Rc703 Cor:Branco;Tamanho:42"
21984;Simples/variação;RC703;"Sapatilha De Ciclismo Road Speed Shimano Sh- Rc703 Cor:Branco;Tamanho:43"
21981;Simples/variação;RC703;"Sapatilha De Ciclismo Road Speed Shimano Sh- Rc703 Cor:Branco;Tamanho:44"
21976;Simples/variação;RC703;"Sapatilha De Ciclismo Road Speed Shimano Sh- Rc703 Cor:Preto;Tamanho:38"
21975;Simples/variação;RC703;"Sapatilha De Ciclismo Road Speed Shimano Sh- Rc703 Cor:Preto;Tamanho:39"
21977;Simples/variação;RC703;"Sapatilha De Ciclismo Road Speed Shimano Sh- Rc703 Cor:Preto;Tamanho:40"
21980;Simples/variação;RC703;"Sapatilha De Ciclismo Road Speed Shimano Sh- Rc703 Cor:Preto;Tamanho:41"
21979;Simples/variação;RC703;"Sapatilha De Ciclismo Road Speed Shimano Sh- Rc703 Cor:Preto;Tamanho:42"
21978;Simples/variação;RC703;"Sapatilha De Ciclismo Road Speed Shimano Sh- Rc703 Cor:Preto;Tamanho:43"
21986;Simples/variação;RC703;"Sapatilha De Ciclismo Road Speed Shimano Sh- Rc703 Cor:Preto;Tamanho:44"
22948;Simples/variação;Comp-Boa26;"Sapatilha de Ciclismo Scott MTB Comp Boa 2026 Cor:Marrom;Tamanho:38"
22949;Simples/variação;Comp-Boa26;"Sapatilha de Ciclismo Scott MTB Comp Boa 2026 Cor:Marrom;Tamanho:39"
22950;Simples/variação;Comp-Boa26;"Sapatilha de Ciclismo Scott MTB Comp Boa 2026 Cor:Marrom;Tamanho:40"
22951;Simples/variação;Comp-Boa26;"Sapatilha de Ciclismo Scott MTB Comp Boa 2026 Cor:Marrom;Tamanho:41"
22952;Simples/variação;Comp-Boa26;"Sapatilha de Ciclismo Scott MTB Comp Boa 2026 Cor:Marrom;Tamanho:42"
22953;Simples/variação;Comp-Boa26;"Sapatilha de Ciclismo Scott MTB Comp Boa 2026 Cor:Marrom;Tamanho:43"
22954;Simples/variação;Comp-Boa26;"Sapatilha de Ciclismo Scott MTB Comp Boa 2026 Cor:Marrom;Tamanho:44"
22955;Simples/variação;Comp-Boa26;"Sapatilha de Ciclismo Scott MTB Comp Boa 2026 Cor:Marrom;Tamanho:45"
22956;Simples/variação;Comp-Boa26;"Sapatilha de Ciclismo Scott MTB Comp Boa 2026 Cor:Marrom;Tamanho:46"
23206;Simples/variação;Comp-Boa26;"Sapatilha de Ciclismo Scott MTB Comp Boa 2026 Cor:Preto;Tamanho:38"
23207;Simples/variação;Comp-Boa26;"Sapatilha de Ciclismo Scott MTB Comp Boa 2026 Cor:Preto;Tamanho:39"
23208;Simples/variação;Comp-Boa26;"Sapatilha de Ciclismo Scott MTB Comp Boa 2026 Cor:Preto;Tamanho:40"
23209;Simples/variação;Comp-Boa26;"Sapatilha de Ciclismo Scott MTB Comp Boa 2026 Cor:Preto;Tamanho:41"
23210;Simples/variação;Comp-Boa26;"Sapatilha de Ciclismo Scott MTB Comp Boa 2026 Cor:Preto;Tamanho:42"
23214;Simples/variação;Comp-Boa26;"Sapatilha de Ciclismo Scott MTB Comp Boa 2026 Cor:Preto;Tamanho:43"
23211;Simples/variação;Comp-Boa26;"Sapatilha de Ciclismo Scott MTB Comp Boa 2026 Cor:Preto;Tamanho:44"
23212;Simples/variação;Comp-Boa26;"Sapatilha de Ciclismo Scott MTB Comp Boa 2026 Cor:Preto;Tamanho:45"
23213;Simples/variação;Comp-Boa26;"Sapatilha de Ciclismo Scott MTB Comp Boa 2026 Cor:Preto;Tamanho:46"
22957;Simples/variação;Comp-Boa26;"Sapatilha de Ciclismo Scott MTB Comp Boa 2026 Cor:Verde;Tamanho:38"
22958;Simples/variação;Comp-Boa26;"Sapatilha de Ciclismo Scott MTB Comp Boa 2026 Cor:Verde;Tamanho:39"
22959;Simples/variação;Comp-Boa26;"Sapatilha de Ciclismo Scott MTB Comp Boa 2026 Cor:Verde;Tamanho:40"
22960;Simples/variação;Comp-Boa26;"Sapatilha de Ciclismo Scott MTB Comp Boa 2026 Cor:Verde;Tamanho:41"
22961;Simples/variação;Comp-Boa26;"Sapatilha de Ciclismo Scott MTB Comp Boa 2026 Cor:Verde;Tamanho:42"
22962;Simples/variação;Comp-Boa26;"Sapatilha de Ciclismo Scott MTB Comp Boa 2026 Cor:Verde;Tamanho:43"
22963;Simples/variação;Comp-Boa26;"Sapatilha de Ciclismo Scott MTB Comp Boa 2026 Cor:Verde;Tamanho:44"
22964;Simples/variação;Comp-Boa26;"Sapatilha de Ciclismo Scott MTB Comp Boa 2026 Cor:Verde;Tamanho:45"
22965;Simples/variação;Comp-Boa26;"Sapatilha de Ciclismo Scott MTB Comp Boa 2026 Cor:Verde;Tamanho:46"
22975;Simples/variação;Team-Boa26;"Sapatilha de Ciclismo Scott MTB Team Boa Cor:Branco;Tamanho:36"
22976;Simples/variação;Team-Boa26;"Sapatilha de Ciclismo Scott MTB Team Boa Cor:Branco;Tamanho:37"
22977;Simples/variação;Team-Boa26;"Sapatilha de Ciclismo Scott MTB Team Boa Cor:Branco;Tamanho:38"
22978;Simples/variação;Team-Boa26;"Sapatilha de Ciclismo Scott MTB Team Boa Cor:Branco;Tamanho:39"
22979;Simples/variação;Team-Boa26;"Sapatilha de Ciclismo Scott MTB Team Boa Cor:Branco;Tamanho:40"
22980;Simples/variação;Team-Boa26;"Sapatilha de Ciclismo Scott MTB Team Boa Cor:Branco;Tamanho:41"
22981;Simples/variação;Team-Boa26;"Sapatilha de Ciclismo Scott MTB Team Boa Cor:Branco;Tamanho:42"
22982;Simples/variação;Team-Boa26;"Sapatilha de Ciclismo Scott MTB Team Boa Cor:Branco;Tamanho:43"
22983;Simples/variação;Team-Boa26;"Sapatilha de Ciclismo Scott MTB Team Boa Cor:Branco;Tamanho:44"
22984;Simples/variação;Team-Boa26;"Sapatilha de Ciclismo Scott MTB Team Boa Cor:Branco;Tamanho:45"
22985;Simples/variação;Team-Boa26;"Sapatilha de Ciclismo Scott MTB Team Boa Cor:Branco;Tamanho:46"
22986;Simples/variação;Team-Boa26;"Sapatilha de Ciclismo Scott MTB Team Boa Cor:Preto;Tamanho:36"
22987;Simples/variação;Team-Boa26;"Sapatilha de Ciclismo Scott MTB Team Boa Cor:Preto;Tamanho:37"
22988;Simples/variação;Team-Boa26;"Sapatilha de Ciclismo Scott MTB Team Boa Cor:Preto;Tamanho:38"
22989;Simples/variação;Team-Boa26;"Sapatilha de Ciclismo Scott MTB Team Boa Cor:Preto;Tamanho:39"
22990;Simples/variação;Team-Boa26;"Sapatilha de Ciclismo Scott MTB Team Boa Cor:Preto;Tamanho:40"
22991;Simples/variação;Team-Boa26;"Sapatilha de Ciclismo Scott MTB Team Boa Cor:Preto;Tamanho:41"
22992;Simples/variação;Team-Boa26;"Sapatilha de Ciclismo Scott MTB Team Boa Cor:Preto;Tamanho:42"
22993;Simples/variação;Team-Boa26;"Sapatilha de Ciclismo Scott MTB Team Boa Cor:Preto;Tamanho:43"
22994;Simples/variação;Team-Boa26;"Sapatilha de Ciclismo Scott MTB Team Boa Cor:Preto;Tamanho:44"
22995;Simples/variação;Team-Boa26;"Sapatilha de Ciclismo Scott MTB Team Boa Cor:Preto;Tamanho:45"
22996;Simples/variação;Team-Boa26;"Sapatilha de Ciclismo Scott MTB Team Boa Cor:Preto;Tamanho:46"
23520;Simples/variação;Volt_Evo26;"Sapatilha de Ciclismo Scott Mtb Volt Evo Clip Boa 2026 Cor:Cinza Escuro / Preto;Tamanho:38"
23521;Simples/variação;Volt_Evo26;"Sapatilha de Ciclismo Scott Mtb Volt Evo Clip Boa 2026 Cor:Cinza Escuro / Preto;Tamanho:39"
23522;Simples/variação;Volt_Evo26;"Sapatilha de Ciclismo Scott Mtb Volt Evo Clip Boa 2026 Cor:Cinza Escuro / Preto;Tamanho:40"
23523;Simples/variação;Volt_Evo26;"Sapatilha de Ciclismo Scott Mtb Volt Evo Clip Boa 2026 Cor:Cinza Escuro / Preto;Tamanho:41"
23524;Simples/variação;Volt_Evo26;"Sapatilha de Ciclismo Scott Mtb Volt Evo Clip Boa 2026 Cor:Cinza Escuro / Preto;Tamanho:42"
23525;Simples/variação;Volt_Evo26;"Sapatilha de Ciclismo Scott Mtb Volt Evo Clip Boa 2026 Cor:Cinza Escuro / Preto;Tamanho:43"
22966;Simples/variação;RC-Carbon26;"Sapatilha de Ciclismo Scott RC Carbon MTB Cor:Branco;Tamanho:36"
22967;Simples/variação;RC-Carbon26;"Sapatilha de Ciclismo Scott RC Carbon MTB Cor:Branco;Tamanho:37"
22968;Simples/variação;RC-Carbon26;"Sapatilha de Ciclismo Scott RC Carbon MTB Cor:Branco;Tamanho:38"
22969;Simples/variação;RC-Carbon26;"Sapatilha de Ciclismo Scott RC Carbon MTB Cor:Branco;Tamanho:39"
22970;Simples/variação;RC-Carbon26;"Sapatilha de Ciclismo Scott RC Carbon MTB Cor:Branco;Tamanho:40"
22971;Simples/variação;RC-Carbon26;"Sapatilha de Ciclismo Scott RC Carbon MTB Cor:Branco;Tamanho:41"
22972;Simples/variação;RC-Carbon26;"Sapatilha de Ciclismo Scott RC Carbon MTB Cor:Branco;Tamanho:42"
22973;Simples/variação;RC-Carbon26;"Sapatilha de Ciclismo Scott RC Carbon MTB Cor:Branco;Tamanho:43"
22974;Simples/variação;RC-Carbon26;"Sapatilha de Ciclismo Scott RC Carbon MTB Cor:Branco;Tamanho:44"
22997;Simples/variação;Road-TeamBoa26;"Sapatilha de Ciclismo Scott Road Team Boa Cor:Branco;Tamanho:38"
22998;Simples/variação;Road-TeamBoa26;"Sapatilha de Ciclismo Scott Road Team Boa Cor:Branco;Tamanho:39"
22999;Simples/variação;Road-TeamBoa26;"Sapatilha de Ciclismo Scott Road Team Boa Cor:Branco;Tamanho:40"
23000;Simples/variação;Road-TeamBoa26;"Sapatilha de Ciclismo Scott Road Team Boa Cor:Branco;Tamanho:41"
23001;Simples/variação;Road-TeamBoa26;"Sapatilha de Ciclismo Scott Road Team Boa Cor:Branco;Tamanho:42"
23002;Simples/variação;Road-TeamBoa26;"Sapatilha de Ciclismo Scott Road Team Boa Cor:Branco;Tamanho:43"
23003;Simples/variação;Road-TeamBoa26;"Sapatilha de Ciclismo Scott Road Team Boa Cor:Branco;Tamanho:44"
23563;Simples/variação;RC-102;"Sapatilha De Ciclismo Shimano Speed Road Sh- Rc102 Cor:Azul;Tamanho:39"
23564;Simples/variação;RC-102;"Sapatilha De Ciclismo Shimano Speed Road Sh- Rc102 Cor:Azul;Tamanho:41"
23570;Simples/variação;RC-102;"Sapatilha De Ciclismo Shimano Speed Road Sh- Rc102 Cor:Azul;Tamanho:42"
23574;Simples/variação;RC-102;"Sapatilha De Ciclismo Shimano Speed Road Sh- Rc102 Cor:Azul;Tamanho:44"
23584;Simples/variação;RC-102;"Sapatilha De Ciclismo Shimano Speed Road Sh- Rc102 Cor:Azul;Tamanho:45"
23585;Simples/variação;RC-102;"Sapatilha De Ciclismo Shimano Speed Road Sh- Rc102 Cor:Branco;Tamanho:35"
23575;Simples/variação;RC-102;"Sapatilha De Ciclismo Shimano Speed Road Sh- Rc102 Cor:Branco;Tamanho:36"
23572;Simples/variação;RC-102;"Sapatilha De Ciclismo Shimano Speed Road Sh- Rc102 Cor:Branco;Tamanho:37"
23573;Simples/variação;RC-102;"Sapatilha De Ciclismo Shimano Speed Road Sh- Rc102 Cor:Branco;Tamanho:38"
23568;Simples/variação;RC-102;"Sapatilha De Ciclismo Shimano Speed Road Sh- Rc102 Cor:Branco;Tamanho:39"
23581;Simples/variação;RC-102;"Sapatilha De Ciclismo Shimano Speed Road Sh- Rc102 Cor:Branco;Tamanho:40"
23582;Simples/variação;RC-102;"Sapatilha De Ciclismo Shimano Speed Road Sh- Rc102 Cor:Branco;Tamanho:41"
23576;Simples/variação;RC-102;"Sapatilha De Ciclismo Shimano Speed Road Sh- Rc102 Cor:Branco;Tamanho:42"
23577;Simples/variação;RC-102;"Sapatilha De Ciclismo Shimano Speed Road Sh- Rc102 Cor:Branco;Tamanho:43"
23569;Simples/variação;RC-102;"Sapatilha De Ciclismo Shimano Speed Road Sh- Rc102 Cor:Preto;Tamanho:37"
23565;Simples/variação;RC-102;"Sapatilha De Ciclismo Shimano Speed Road Sh- Rc102 Cor:Preto;Tamanho:38"
23566;Simples/variação;RC-102;"Sapatilha De Ciclismo Shimano Speed Road Sh- Rc102 Cor:Preto;Tamanho:39"
23567;Simples/variação;RC-102;"Sapatilha De Ciclismo Shimano Speed Road Sh- Rc102 Cor:Preto;Tamanho:40"
23571;Simples/variação;RC-102;"Sapatilha De Ciclismo Shimano Speed Road Sh- Rc102 Cor:Preto;Tamanho:41"
23579;Simples/variação;RC-102;"Sapatilha De Ciclismo Shimano Speed Road Sh- Rc102 Cor:Preto;Tamanho:42"
23580;Simples/variação;RC-102;"Sapatilha De Ciclismo Shimano Speed Road Sh- Rc102 Cor:Preto;Tamanho:43"
23583;Simples/variação;RC-102;"Sapatilha De Ciclismo Shimano Speed Road Sh- Rc102 Cor:Preto;Tamanho:44"
16571;Simples/variação;RC-300;"Sapatilha De Ciclismo Shimano Speed Road Sh- Rc300 Tamanho:36;Cor:Vermelho"
19636;Simples/variação;RC-300;"Sapatilha De Ciclismo Shimano Speed Road Sh- Rc300 Tamanho:48;Cor:Preto"
19978;Simples/variação;NEW_RC302;"Sapatilha De Ciclismo Shimano Speed Road Sh- Rc302 Cor:Branco;Tamanho:36"
19979;Simples/variação;NEW_RC302;"Sapatilha De Ciclismo Shimano Speed Road Sh- Rc302 Cor:Branco;Tamanho:37"
23600;Simples/variação;NEW_RC302;"Sapatilha De Ciclismo Shimano Speed Road Sh- Rc302 Cor:Branco;Tamanho:39"
19980;Simples/variação;NEW_RC302;"Sapatilha De Ciclismo Shimano Speed Road Sh- Rc302 Cor:Branco;Tamanho:40"
21988;Simples/variação;NEW_RC302;"Sapatilha De Ciclismo Shimano Speed Road Sh- Rc302 Cor:Branco;Tamanho:41"
19981;Simples/variação;NEW_RC302;"Sapatilha De Ciclismo Shimano Speed Road Sh- Rc302 Cor:Branco;Tamanho:42"
19982;Simples/variação;NEW_RC302;"Sapatilha De Ciclismo Shimano Speed Road Sh- Rc302 Cor:Branco;Tamanho:43"
19983;Simples/variação;NEW_RC302;"Sapatilha De Ciclismo Shimano Speed Road Sh- Rc302 Cor:Branco;Tamanho:45"
19984;Simples/variação;NEW_RC302;"Sapatilha De Ciclismo Shimano Speed Road Sh- Rc302 Cor:Branco;Tamanho:46"
19985;Simples/variação;NEW_RC302;"Sapatilha De Ciclismo Shimano Speed Road Sh- Rc302 Cor:Branco;Tamanho:47"
19986;Simples/variação;NEW_RC302;"Sapatilha De Ciclismo Shimano Speed Road Sh- Rc302 Cor:Branco;Tamanho:48"
22188;Simples/variação;NEW_RC302;"Sapatilha De Ciclismo Shimano Speed Road Sh- Rc302 Cor:Preto;Tamanho:37"
22189;Simples/variação;NEW_RC302;"Sapatilha De Ciclismo Shimano Speed Road Sh- Rc302 Cor:Preto;Tamanho:38"
22190;Simples/variação;NEW_RC302;"Sapatilha De Ciclismo Shimano Speed Road Sh- Rc302 Cor:Preto;Tamanho:39"
22191;Simples/variação;NEW_RC302;"Sapatilha De Ciclismo Shimano Speed Road Sh- Rc302 Cor:Preto;Tamanho:40"
22192;Simples/variação;NEW_RC302;"Sapatilha De Ciclismo Shimano Speed Road Sh- Rc302 Cor:Preto;Tamanho:41"
23607;Simples/variação;XC-102;"Sapatilha De Ciclismo Shimano Xc102 Mtb Cor:Preto;Tamanho:36"
23603;Simples/variação;XC-102;"Sapatilha De Ciclismo Shimano Xc102 Mtb Cor:Preto;Tamanho:37"
23604;Simples/variação;XC-102;"Sapatilha De Ciclismo Shimano Xc102 Mtb Cor:Preto;Tamanho:38"
23601;Simples/variação;XC-102;"Sapatilha De Ciclismo Shimano Xc102 Mtb Cor:Preto;Tamanho:39"
23602;Simples/variação;XC-102;"Sapatilha De Ciclismo Shimano Xc102 Mtb Cor:Preto;Tamanho:40"
23605;Simples/variação;XC-102;"Sapatilha De Ciclismo Shimano Xc102 Mtb Cor:Preto;Tamanho:41"
23606;Simples/variação;XC-102;"Sapatilha De Ciclismo Shimano Xc102 Mtb Cor:Preto;Tamanho:42"
23608;Simples/variação;XC-102;"Sapatilha De Ciclismo Shimano Xc102 Mtb Cor:Preto;Tamanho:43"
22885;Simples/variação;XC503;"Sapatilha de Ciclismo Shimano XC503 Mtb Carbon Cor:Areia;Tamanho:37"
22886;Simples/variação;XC503;"Sapatilha de Ciclismo Shimano XC503 Mtb Carbon Cor:Areia;Tamanho:38"
22887;Simples/variação;XC503;"Sapatilha de Ciclismo Shimano XC503 Mtb Carbon Cor:Areia;Tamanho:39"
22888;Simples/variação;XC503;"Sapatilha de Ciclismo Shimano XC503 Mtb Carbon Cor:Areia;Tamanho:40"
22889;Simples/variação;XC503;"Sapatilha de Ciclismo Shimano XC503 Mtb Carbon Cor:Areia;Tamanho:41"
22890;Simples/variação;XC503;"Sapatilha de Ciclismo Shimano XC503 Mtb Carbon Cor:Areia;Tamanho:42"
22891;Simples/variação;XC503;"Sapatilha de Ciclismo Shimano XC503 Mtb Carbon Cor:Areia;Tamanho:43"
22892;Simples/variação;XC503;"Sapatilha de Ciclismo Shimano XC503 Mtb Carbon Cor:Areia;Tamanho:44"
22893;Simples/variação;XC503;"Sapatilha de Ciclismo Shimano XC503 Mtb Carbon Cor:Areia;Tamanho:45"
22894;Simples/variação;XC503;"Sapatilha de Ciclismo Shimano XC503 Mtb Carbon Cor:Areia;Tamanho:46"
22895;Simples/variação;XC503;"Sapatilha de Ciclismo Shimano XC503 Mtb Carbon Cor:Azul;Tamanho:37"
22896;Simples/variação;XC503;"Sapatilha de Ciclismo Shimano XC503 Mtb Carbon Cor:Azul;Tamanho:38"
22897;Simples/variação;XC503;"Sapatilha de Ciclismo Shimano XC503 Mtb Carbon Cor:Azul;Tamanho:39"
22898;Simples/variação;XC503;"Sapatilha de Ciclismo Shimano XC503 Mtb Carbon Cor:Azul;Tamanho:40"
22899;Simples/variação;XC503;"Sapatilha de Ciclismo Shimano XC503 Mtb Carbon Cor:Azul;Tamanho:41"
22900;Simples/variação;XC503;"Sapatilha de Ciclismo Shimano XC503 Mtb Carbon Cor:Azul;Tamanho:42"
22901;Simples/variação;XC503;"Sapatilha de Ciclismo Shimano XC503 Mtb Carbon Cor:Azul;Tamanho:43"
22902;Simples/variação;XC503;"Sapatilha de Ciclismo Shimano XC503 Mtb Carbon Cor:Azul;Tamanho:44"
22903;Simples/variação;XC503;"Sapatilha de Ciclismo Shimano XC503 Mtb Carbon Cor:Azul;Tamanho:45"
22904;Simples/variação;XC503;"Sapatilha de Ciclismo Shimano XC503 Mtb Carbon Cor:Azul;Tamanho:46"
22905;Simples/variação;XC503;"Sapatilha de Ciclismo Shimano XC503 Mtb Carbon Cor:Preto;Tamanho:37"
22906;Simples/variação;XC503;"Sapatilha de Ciclismo Shimano XC503 Mtb Carbon Cor:Preto;Tamanho:38"
22907;Simples/variação;XC503;"Sapatilha de Ciclismo Shimano XC503 Mtb Carbon Cor:Preto;Tamanho:39"
22908;Simples/variação;XC503;"Sapatilha de Ciclismo Shimano XC503 Mtb Carbon Cor:Preto;Tamanho:40"
22909;Simples/variação;XC503;"Sapatilha de Ciclismo Shimano XC503 Mtb Carbon Cor:Preto;Tamanho:41"
22910;Simples/variação;XC503;"Sapatilha de Ciclismo Shimano XC503 Mtb Carbon Cor:Preto;Tamanho:42"
22911;Simples/variação;XC503;"Sapatilha de Ciclismo Shimano XC503 Mtb Carbon Cor:Preto;Tamanho:43"
22912;Simples/variação;XC503;"Sapatilha de Ciclismo Shimano XC503 Mtb Carbon Cor:Preto;Tamanho:44"
22913;Simples/variação;XC503;"Sapatilha de Ciclismo Shimano XC503 Mtb Carbon Cor:Preto;Tamanho:45"
22914;Simples/variação;XC503;"Sapatilha de Ciclismo Shimano XC503 Mtb Carbon Cor:Preto;Tamanho:46"
22915;Simples/variação;XC703;"Sapatilha de Ciclismo Shimano XC703 Mtb Carbon Cor:Prata;Tamanho:36"
22916;Simples/variação;XC703;"Sapatilha de Ciclismo Shimano XC703 Mtb Carbon Cor:Prata;Tamanho:37"
22917;Simples/variação;XC703;"Sapatilha de Ciclismo Shimano XC703 Mtb Carbon Cor:Prata;Tamanho:38"
22918;Simples/variação;XC703;"Sapatilha de Ciclismo Shimano XC703 Mtb Carbon Cor:Prata;Tamanho:39"
22919;Simples/variação;XC703;"Sapatilha de Ciclismo Shimano XC703 Mtb Carbon Cor:Prata;Tamanho:40"
22920;Simples/variação;XC703;"Sapatilha de Ciclismo Shimano XC703 Mtb Carbon Cor:Prata;Tamanho:41"
22921;Simples/variação;XC703;"Sapatilha de Ciclismo Shimano XC703 Mtb Carbon Cor:Prata;Tamanho:42"
22922;Simples/variação;XC703;"Sapatilha de Ciclismo Shimano XC703 Mtb Carbon Cor:Prata;Tamanho:43"
22923;Simples/variação;XC703;"Sapatilha de Ciclismo Shimano XC703 Mtb Carbon Cor:Prata;Tamanho:44"
22924;Simples/variação;XC703;"Sapatilha de Ciclismo Shimano XC703 Mtb Carbon Cor:Prata;Tamanho:45"
22925;Simples/variação;XC703;"Sapatilha de Ciclismo Shimano XC703 Mtb Carbon Cor:Prata;Tamanho:46"
22926;Simples/variação;XC703;"Sapatilha de Ciclismo Shimano XC703 Mtb Carbon Cor:Preto;Tamanho:36"
22927;Simples/variação;XC703;"Sapatilha de Ciclismo Shimano XC703 Mtb Carbon Cor:Preto;Tamanho:37"
22928;Simples/variação;XC703;"Sapatilha de Ciclismo Shimano XC703 Mtb Carbon Cor:Preto;Tamanho:38"
22929;Simples/variação;XC703;"Sapatilha de Ciclismo Shimano XC703 Mtb Carbon Cor:Preto;Tamanho:39"
22930;Simples/variação;XC703;"Sapatilha de Ciclismo Shimano XC703 Mtb Carbon Cor:Preto;Tamanho:40"
22931;Simples/variação;XC703;"Sapatilha de Ciclismo Shimano XC703 Mtb Carbon Cor:Preto;Tamanho:41"
22932;Simples/variação;XC703;"Sapatilha de Ciclismo Shimano XC703 Mtb Carbon Cor:Preto;Tamanho:42"
22933;Simples/variação;XC703;"Sapatilha de Ciclismo Shimano XC703 Mtb Carbon Cor:Preto;Tamanho:43"
22934;Simples/variação;XC703;"Sapatilha de Ciclismo Shimano XC703 Mtb Carbon Cor:Preto;Tamanho:44"
22935;Simples/variação;XC703;"Sapatilha de Ciclismo Shimano XC703 Mtb Carbon Cor:Preto;Tamanho:45"
22936;Simples/variação;XC703;"Sapatilha de Ciclismo Shimano XC703 Mtb Carbon Cor:Preto;Tamanho:46"
22937;Simples/variação;XC703;"Sapatilha de Ciclismo Shimano XC703 Mtb Carbon Cor:Roxo;Tamanho:36"
22938;Simples/variação;XC703;"Sapatilha de Ciclismo Shimano XC703 Mtb Carbon Cor:Roxo;Tamanho:37"
22939;Simples/variação;XC703;"Sapatilha de Ciclismo Shimano XC703 Mtb Carbon Cor:Roxo;Tamanho:38"
22940;Simples/variação;XC703;"Sapatilha de Ciclismo Shimano XC703 Mtb Carbon Cor:Roxo;Tamanho:39"
22941;Simples/variação;XC703;"Sapatilha de Ciclismo Shimano XC703 Mtb Carbon Cor:Roxo;Tamanho:40"
22942;Simples/variação;XC703;"Sapatilha de Ciclismo Shimano XC703 Mtb Carbon Cor:Roxo;Tamanho:41"
22943;Simples/variação;XC703;"Sapatilha de Ciclismo Shimano XC703 Mtb Carbon Cor:Roxo;Tamanho:42"
22944;Simples/variação;XC703;"Sapatilha de Ciclismo Shimano XC703 Mtb Carbon Cor:Roxo;Tamanho:43"
22945;Simples/variação;XC703;"Sapatilha de Ciclismo Shimano XC703 Mtb Carbon Cor:Roxo;Tamanho:44"
22946;Simples/variação;XC703;"Sapatilha de Ciclismo Shimano XC703 Mtb Carbon Cor:Roxo;Tamanho:45"
22947;Simples/variação;XC703;"Sapatilha de Ciclismo Shimano XC703 Mtb Carbon Cor:Roxo;Tamanho:46"
19730;Simples/variação;XC903;"Sapatilha De Ciclismo Shimano Xc903 S-phyre Mtb Carbon Cor:Azul;Tamanho:37"
19731;Simples/variação;XC903;"Sapatilha De Ciclismo Shimano Xc903 S-phyre Mtb Carbon Cor:Azul;Tamanho:38"
19732;Simples/variação;XC903;"Sapatilha De Ciclismo Shimano Xc903 S-phyre Mtb Carbon Cor:Azul;Tamanho:39"
19733;Simples/variação;XC903;"Sapatilha De Ciclismo Shimano Xc903 S-phyre Mtb Carbon Cor:Azul;Tamanho:40"
19734;Simples/variação;XC903;"Sapatilha De Ciclismo Shimano Xc903 S-phyre Mtb Carbon Cor:Azul;Tamanho:41"
19735;Simples/variação;XC903;"Sapatilha De Ciclismo Shimano Xc903 S-phyre Mtb Carbon Cor:Azul;Tamanho:42"
19736;Simples/variação;XC903;"Sapatilha De Ciclismo Shimano Xc903 S-phyre Mtb Carbon Cor:Azul;Tamanho:43"
19737;Simples/variação;XC903;"Sapatilha De Ciclismo Shimano Xc903 S-phyre Mtb Carbon Cor:Azul;Tamanho:44"
19746;Simples/variação;XC903;"Sapatilha De Ciclismo Shimano Xc903 S-phyre Mtb Carbon Cor:Branco;Tamanho:37"
19747;Simples/variação;XC903;"Sapatilha De Ciclismo Shimano Xc903 S-phyre Mtb Carbon Cor:Branco;Tamanho:38"
19749;Simples/variação;XC903;"Sapatilha De Ciclismo Shimano Xc903 S-phyre Mtb Carbon Cor:Branco;Tamanho:39"
19748;Simples/variação;XC903;"Sapatilha De Ciclismo Shimano Xc903 S-phyre Mtb Carbon Cor:Branco;Tamanho:40"
19750;Simples/variação;XC903;"Sapatilha De Ciclismo Shimano Xc903 S-phyre Mtb Carbon Cor:Branco;Tamanho:41"
19751;Simples/variação;XC903;"Sapatilha De Ciclismo Shimano Xc903 S-phyre Mtb Carbon Cor:Branco;Tamanho:42"
19752;Simples/variação;XC903;"Sapatilha De Ciclismo Shimano Xc903 S-phyre Mtb Carbon Cor:Branco;Tamanho:43"
19753;Simples/variação;XC903;"Sapatilha De Ciclismo Shimano Xc903 S-phyre Mtb Carbon Cor:Branco;Tamanho:44"
19738;Simples/variação;XC903;"Sapatilha De Ciclismo Shimano Xc903 S-phyre Mtb Carbon Cor:Preto;Tamanho:37"
19739;Simples/variação;XC903;"Sapatilha De Ciclismo Shimano Xc903 S-phyre Mtb Carbon Cor:Preto;Tamanho:38"
19740;Simples/variação;XC903;"Sapatilha De Ciclismo Shimano Xc903 S-phyre Mtb Carbon Cor:Preto;Tamanho:39"
19741;Simples/variação;XC903;"Sapatilha De Ciclismo Shimano Xc903 S-phyre Mtb Carbon Cor:Preto;Tamanho:40"
19742;Simples/variação;XC903;"Sapatilha De Ciclismo Shimano Xc903 S-phyre Mtb Carbon Cor:Preto;Tamanho:41"
19743;Simples/variação;XC903;"Sapatilha De Ciclismo Shimano Xc903 S-phyre Mtb Carbon Cor:Preto;Tamanho:42"
19744;Simples/variação;XC903;"Sapatilha De Ciclismo Shimano Xc903 S-phyre Mtb Carbon Cor:Preto;Tamanho:43"
19745;Simples/variação;XC903;"Sapatilha De Ciclismo Shimano Xc903 S-phyre Mtb Carbon Cor:Preto;Tamanho:44"
16345;Simples/variação;xc502;"Sapatilha Mtb Shimano Xc502 Tamanho:39;Cor: Preto"
16346;Simples/variação;xc502;"Sapatilha Mtb Shimano Xc502 Tamanho:40;Cor: Preto"
16413;Simples/variação;xc502;"Sapatilha Mtb Shimano Xc502 Tamanho:46;Cor: Preto"
19729;Simples/variação;xc502;"Sapatilha Mtb Shimano Xc502 Tamanho:46;Cor:Prata"
2736;Simples/variação;xc701;"Sapatilha Mtb Shimano Xc701 Carbon Tamanho:45;Cor:Preto"
15447;Simples/variação;SapFuturePro;"Sapatilha Scott Mtb Future Pro Boa - Junior's Tamanho:32;Cor:Amarelo"
23651;Simples/variação;SapFuturePro;"Sapatilha Scott Mtb Future Pro Boa - Junior's Tamanho:33;Cor:Amarelo"
13838;Simples/variação;Vertec-Boa;"Sapatilha Scott Mtb Vertec Boa Tamanho:46;Cor:Azul/Amarelo Fluor"
18296;Simples/variação;MX100;"Sapatilha Shimano Mx100 Mtb Original Cor:Azul;Tamanho:36"
18294;Simples/variação;MX100;"Sapatilha Shimano Mx100 Mtb Original Cor:Azul;Tamanho:37"
18295;Simples/variação;MX100;"Sapatilha Shimano Mx100 Mtb Original Cor:Azul;Tamanho:38"
17576;Simples/variação;MX100;"Sapatilha Shimano Mx100 Mtb Original Cor:Azul;Tamanho:39"
17885;Simples/variação;MX100;"Sapatilha Shimano Mx100 Mtb Original Cor:Azul;Tamanho:40"
17577;Simples/variação;MX100;"Sapatilha Shimano Mx100 Mtb Original Cor:Azul;Tamanho:41"
17578;Simples/variação;MX100;"Sapatilha Shimano Mx100 Mtb Original Cor:Azul;Tamanho:42"
17579;Simples/variação;MX100;"Sapatilha Shimano Mx100 Mtb Original Cor:Azul;Tamanho:43"
17886;Simples/variação;MX100;"Sapatilha Shimano Mx100 Mtb Original Cor:Azul;Tamanho:44"
17580;Simples/variação;MX100;"Sapatilha Shimano Mx100 Mtb Original Cor:Azul;Tamanho:45"
17581;Simples/variação;MX100;"Sapatilha Shimano Mx100 Mtb Original Cor:Azul;Tamanho:46"
17839;Simples/variação;MX100;"Sapatilha Shimano Mx100 Mtb Original Cor:Preto;Tamanho:36"
17840;Simples/variação;MX100;"Sapatilha Shimano Mx100 Mtb Original Cor:Preto;Tamanho:37"
17841;Simples/variação;MX100;"Sapatilha Shimano Mx100 Mtb Original Cor:Preto;Tamanho:38"
17842;Simples/variação;MX100;"Sapatilha Shimano Mx100 Mtb Original Cor:Preto;Tamanho:39"
17621;Simples/variação;MX100;"Sapatilha Shimano Mx100 Mtb Original Cor:Preto;Tamanho:40"
17573;Simples/variação;MX100;"Sapatilha Shimano Mx100 Mtb Original Cor:Preto;Tamanho:41"
17574;Simples/variação;MX100;"Sapatilha Shimano Mx100 Mtb Original Cor:Preto;Tamanho:42"
17575;Simples/variação;MX100;"Sapatilha Shimano Mx100 Mtb Original Cor:Preto;Tamanho:43"
17843;Simples/variação;MX100;"Sapatilha Shimano Mx100 Mtb Original Cor:Preto;Tamanho:44"
17844;Simples/variação;MX100;"Sapatilha Shimano Mx100 Mtb Original Cor:Preto;Tamanho:45"
18293;Simples/variação;MX100;"Sapatilha Shimano Mx100 Mtb Original Cor:Preto;Tamanho:46"
17660;Simples/variação;MX100;"Sapatilha Shimano Mx100 Mtb Original Cor:Vermelho;Tamanho:36"
17582;Simples/variação;MX100;"Sapatilha Shimano Mx100 Mtb Original Cor:Vermelho;Tamanho:37"
17583;Simples/variação;MX100;"Sapatilha Shimano Mx100 Mtb Original Cor:Vermelho;Tamanho:38"
17584;Simples/variação;MX100;"Sapatilha Shimano Mx100 Mtb Original Cor:Vermelho;Tamanho:39"
17585;Simples/variação;MX100;"Sapatilha Shimano Mx100 Mtb Original Cor:Vermelho;Tamanho:40"
17586;Simples/variação;MX100;"Sapatilha Shimano Mx100 Mtb Original Cor:Vermelho;Tamanho:41"
17587;Simples/variação;MX100;"Sapatilha Shimano Mx100 Mtb Original Cor:Vermelho;Tamanho:42"
17588;Simples/variação;MX100;"Sapatilha Shimano Mx100 Mtb Original Cor:Vermelho;Tamanho:43"
17589;Simples/variação;MX100;"Sapatilha Shimano Mx100 Mtb Original Cor:Vermelho;Tamanho:44"
17590;Simples/variação;MX100;"Sapatilha Shimano Mx100 Mtb Original Cor:Vermelho;Tamanho:45"
17591;Simples/variação;MX100;"Sapatilha Shimano Mx100 Mtb Original Cor:Vermelho;Tamanho:46"
13083;Simples/variação;RC100;"Sapatilha Shimano Rc100 Speed C/ 3 Velcros Tamanho:38;Cor:Preto"
15261;Simples/variação;Xc5-Fem;"Sapatilha Shimano Xc5 Feminina Tamanho:39;Cor:XC501 Azul-escuro"
22523;Simples/variação;Accomplice;"Sapatilha Tênis Accomplice Clip Ride Concepts Enduro/ Mtb Cor:Preto;Tamanho:38"
22524;Simples/variação;Accomplice;"Sapatilha Tênis Accomplice Clip Ride Concepts Enduro/ Mtb Cor:Preto;Tamanho:39"
22525;Simples/variação;Accomplice;"Sapatilha Tênis Accomplice Clip Ride Concepts Enduro/ Mtb Cor:Preto;Tamanho:40"
22530;Simples/variação;Accomplice;"Sapatilha Tênis Accomplice Clip Ride Concepts Enduro/ Mtb Cor:Preto;Tamanho:40,5"
22526;Simples/variação;Accomplice;"Sapatilha Tênis Accomplice Clip Ride Concepts Enduro/ Mtb Cor:Preto;Tamanho:42"
22529;Simples/variação;Accomplice;"Sapatilha Tênis Accomplice Clip Ride Concepts Enduro/ Mtb Cor:Preto;Tamanho:42,5"
22528;Simples/variação;Accomplice;"Sapatilha Tênis Accomplice Clip Ride Concepts Enduro/ Mtb Cor:Preto;Tamanho:44"
23474;Simples/variação;Accomplice;"Sapatilha Tênis Accomplice Clip Ride Concepts Enduro/ Mtb Cor:Preto;Tamanho:44,5"
22527;Simples/variação;Accomplice;"Sapatilha Tênis Accomplice Clip Ride Concepts Enduro/ Mtb Cor:Preto;Tamanho:45"
22517;Simples/variação;Tallac;"Sapatilha Tênis Tallac Flat Mid Boa Ride Concepts Mtb Enduro Cor:Preto;Tamanho:38"
22516;Simples/variação;Tallac;"Sapatilha Tênis Tallac Flat Mid Boa Ride Concepts Mtb Enduro Cor:Preto;Tamanho:39"
22515;Simples/variação;Tallac;"Sapatilha Tênis Tallac Flat Mid Boa Ride Concepts Mtb Enduro Cor:Preto;Tamanho:40"
23312;Simples/variação;Tallac;"Sapatilha Tênis Tallac Flat Mid Boa Ride Concepts Mtb Enduro Cor:Preto;Tamanho:40,5"
23156;Simples/variação;Tallac;"Sapatilha Tênis Tallac Flat Mid Boa Ride Concepts Mtb Enduro Cor:Preto;Tamanho:41"
22519;Simples/variação;Tallac;"Sapatilha Tênis Tallac Flat Mid Boa Ride Concepts Mtb Enduro Cor:Preto;Tamanho:42"
23246;Simples/variação;Tallac;"Sapatilha Tênis Tallac Flat Mid Boa Ride Concepts Mtb Enduro Cor:Preto;Tamanho:42,5"
22520;Simples/variação;Tallac;"Sapatilha Tênis Tallac Flat Mid Boa Ride Concepts Mtb Enduro Cor:Preto;Tamanho:43"
22521;Simples/variação;Tallac;"Sapatilha Tênis Tallac Flat Mid Boa Ride Concepts Mtb Enduro Cor:Preto;Tamanho:44"
22522;Simples/variação;Tallac;"Sapatilha Tênis Tallac Flat Mid Boa Ride Concepts Mtb Enduro Cor:Preto;Tamanho:45"
23481;Simples/variação;Tallac_Clip;Sapatilha Tênis Tallac Mid Clip Boa Ride Concepts Mtb Enduro Tamanho:38
23475;Simples/variação;Tallac_Clip;Sapatilha Tênis Tallac Mid Clip Boa Ride Concepts Mtb Enduro Tamanho:39
23476;Simples/variação;Tallac_Clip;Sapatilha Tênis Tallac Mid Clip Boa Ride Concepts Mtb Enduro Tamanho:40
23477;Simples/variação;Tallac_Clip;Sapatilha Tênis Tallac Mid Clip Boa Ride Concepts Mtb Enduro Tamanho:40.5
23478;Simples/variação;Tallac_Clip;Sapatilha Tênis Tallac Mid Clip Boa Ride Concepts Mtb Enduro Tamanho:41
23479;Simples/variação;Tallac_Clip;Sapatilha Tênis Tallac Mid Clip Boa Ride Concepts Mtb Enduro Tamanho:42
23497;Simples/variação;Tallac_Clip;Sapatilha Tênis Tallac Mid Clip Boa Ride Concepts Mtb Enduro Tamanho:42.5
23483;Simples/variação;Tallac_Clip;Sapatilha Tênis Tallac Mid Clip Boa Ride Concepts Mtb Enduro Tamanho:43
23482;Simples/variação;Tallac_Clip;Sapatilha Tênis Tallac Mid Clip Boa Ride Concepts Mtb Enduro Tamanho:44
23498;Simples/variação;Tallac_Clip;Sapatilha Tênis Tallac Mid Clip Boa Ride Concepts Mtb Enduro Tamanho:45
20661;Simples/variação;;Selante Furo Zero 1 L Para Pneu de Bicicleta Fzero
20669;Simples/variação;;Selante Furo Zero 100 ml Para Pneu de Bicicleta Fzero
9729;Simples/variação;;Selante Pneu Bike Algoo Pro Anti-Furo 300ml
23190;Simples/variação;;Selante Pneu Bike Algoo Pro Antifuro 500ml
22786;Simples/variação;;Selim Absolute Atletic Vazado 280x140mm Antiprostático Preto
22359;Simples/variação;;Selim Absolute Brutus Plus 243X163mm Bike Grau Freeride Pto
21622;Simples/variação;;Selim Absolute Confort Vazado com Gel e Elastômero Pto / Vmo
21625;Simples/variação;;Selim Absolute Confort Vazado com Gel e Elastômero Pto/ Azul
23077;Simples/variação;;Selim Banco Bicicleta 270x210mm Buzzer Beach 2 Molas Preto
21787;Simples/variação;;Selim Banco Bicicleta Largo Elleven 2 Molas 270x230mm R13375
21772;Simples/variação;;Selim Banco Bicicleta Largo Elleven Beach 2 Molas Marrom
21770;Simples/variação;;Selim Banco Bicicleta Largo Elleven Beach 2 Molas Mtb Preto
22494;Simples/variação;;Selim Banco Bicicleta Rava 275x160mm Gel Confortável Pto/Vmo
05222;Simples/variação;;Selim Banco Bicicleta Tsw Gel Vazado 275x160 mm Preto
22801;Simples/variação;;Selim Banco GTA Bmx Gravity Wheeling 230x155mm Confortável
22490;Simples/variação;;Selim Banco Mtb Rava 275mm Para Bicicleta Confortável Preto
22493;Simples/variação;;Selim Banco Rava Eris Freestyle Bmx Wheeling Grau Manobras
23686;Simples/variação;;Selim Banco Selle Royal Vaia Gel Mtb 273 x 152mm Preto
22657;Simples/variação;;Selim Beach 2 Molas  270x210 mm Preto Banco Confortavel Bike
23625;Simples/variação;;Selim Bike Rava Cycle Cross New Eris Freestyle C/Carrinho
23247;Simples/variação;;Selim Prologo 143 NDR Dimension 245x143 -  Trilho Tirox
23082;Simples/variação;;Selim Prologo 143 NDR T4.0 Dimension 245x143 Bike Mtb Spd
22596;Simples/variação;;Selim Prologo Dimension T4.0 143 245x143 Bike Mtb Spd Preto
23628;Simples/variação;;Selim Rava Cycle Mountain Bike Mod. 2 Preto C/Carrinho
23516;Simples/variação;;Selim Syncros Belcarra Regular 2.0 130mm Marrom
23112;Simples/variação;;Sensor de Cadência com Bluetooth e ant+ - GTA
20665;Simples/variação;;Shampoo Bike Zero Limpeza Geral 500 ml Fzero
22731;Simples/variação;;Suporte de Caramanhola / Garrafa Alumínio Bicicleta Preto
23510;Simples/variação;;Suporte Parede Vertical TSW Gancho Para Pendurar Bicicleta
23070;Simples/variação;;Suporte Universal GoPro e Lanternas Rotação 180° Giro
23232;Simples/variação;;Suporte Vertical de Parede Absolute para Bicicleta C/Apoio
22727;Simples/variação;;Suporte Vertical De Parede Para Bicicleta Com Gancho Preto
22594;Simples/variação;;Suspensão Fox 34 Kashima Float Shiny 120mm Grip Sl Preta A26
22593;Simples/variação;;Suspensão Fox 34 Kashima Shiny 120mm 2026 - Grip Sl Laranja
22397;Simples/variação;;Suspensão Garfo Aro 29 Mtb Tsw Quest 34 120mm Ahead Boost
23626;Simples/variação;;Suspensão Mtb 29 Tsw Phoenix Quest 120mm Air Tap 100x9mm
23627;Simples/variação;;Suspensão Mtb 29 Tsw Quest Phoenix Boost 120mm Air
18949;Simples/variação;;Suspensão Traseira Rock Shox SidLuxe Select+ 1T 165x40mm
22480;Simples/variação;;Suspensão Traseira Shocks Fox Kashima SL F-S Plt 190x45 mm
21798;Simples/variação;;Taco Mtb Veloforce Taquinho Pedal Clip Spd Padrão Shimano
17096;Simples/variação;;Taco Taquinho Pedal Speed Look Keo Grip Cinza Float 4.5º Nf
23511;Simples/variação;;Tampa Downtube Scott Spark Carbon 2022 - 290021-9999222
23519;Simples/variação;;Tampa Lateral do Acesso ao Pivô do Shock Scott Spark MY2022
16859;Simples/variação;;Tampa TopCap Sy Mtb Xc 22 + Espacador Scott 290059-9999222
21621;Simples/variação;;Tensionador Esticador De Corrente Absolute Brutus Freeride
23464;Simples/variação;;Tensionador Esticador De Corrente Tanke Single 18D Freeride
14003;Simples/variação;;Trava de Sapatilha MTB universal
23735;Simples/variação;Triciclo_Nathor;"Triciclo Infantil Nathor Com Buzina Cor:Honey Bee;Tamanho do Quadro:Aro 12"
